num,movie,sentence,score
1,20세기 소녀,이범수 너무 웃겨 ㅜㅜ 풋풋해서 넘 조았음,10
2,리멤버,영화 몰입도 높게 잘 봤습니다.,7
3,에브리씽 에브리웨어 올 앳 원스,계속 울었다 웃었다 너무 재밌어요 두번 세 번 보세요,10
4,아가씨 참으세요,재미있었네요..정윤희씨 정말이쁘네요..,10
5,리멤버,"배우들의 연기가 뛰어나서 자칫 붕 뜰 수 있는 소재가 제 자리를 잡았다. 현대 시점에서 친일파에게 복수하는 영화는 잘 못 본 거 같은데, 시원한 맛이 있다. 학계, 군, 대기업 등에 포진한 친일파의 면모를 쭉 소개해주기도 한다. 주인공의 고뇌로 이어지는 부분에서 이 영화가 나름대로 균형을 모색한다는 것을 느낄 수 있다.",8
6,죽지않는 인간들의 밤,페미련들이 또 평점 10점주고갔네 ㅎㅎ,1
7,리멤버,"오랜만에 푹빠져 감상한 영화다. 재미와 연기, 내용까지 훌륭하다",10
8,20세기 소녀,중년여성이 보아도..감성뿜뿜..잘 만들었고..배우들도..신선함..남성배우들..캐스팅..신선하다..잼나다...지루한 요소없이..너무나 잼나요...,10
9,죽어도 자이언츠,롯데팬들은 충분히 공감하고 볼만한 영화입니다,9
10,20세기 소녀,클래식 이후로 인생영화ㅠ 너무 슬퍼서 오열ㅠ ,10
11,20세기 소녀,너무너무 추천추천!!!!,10
12,20세기 소녀,인생에서 최고로 기억해서 두고두고 보고싶은  아련한 추억을  가슴저리게 본 영화입니다~아직도  너무  가슴이 몽글해집니다~몇번씩 다시보고 감정을 유지합니다~변우석 배우 넘 눈빛이 아련합니다~~,10
13,20세기 소녀,유치하지만 김유정이 예쁘다,4
14,선과 악의 학교,심파도 아니고 ~~~~  ㅜㅜ,1
15,가을 우체국,마이크 나와도 괜찮나.어의 상실,2
16,더 킹,한국영화 취향아니라 잘 안보는데 제일 잘 만듦,10
17,"색, 계",마지막 자막 크레딧 OST가 제일 좋았다,6
18,황해,"스토리는 복잡했지만 조선족 연기, 살벌함들을 잘 연기해내고 표현해 냈다..",6
19,늑대사냥,난개인적으로 내스타일ㅎㅎ 많이잔인해서좋앗당ㅋ,10
20,에브리씽 에브리웨어 올 앳 원스,내내 입 벌리고 봤다..,10
21,리멤버,내용은 생각했던 거 그대로고 연기는 역시 믿고 보는 배우님들답게 좋았습니다. 영화 보면서 지루하기도 했지만 재밌기도 했습니다. 기대했던 거보다는 정말 재밌다는 느낌은 없지만 나름 볼만 영화라고 생각합니다.,7
22,리멤버,재미없어요..,4
23,에브리씽 에브리웨어 올 앳 원스,"오글거리는건 둘째치고 개연성없는 병맛, 쓸데없이 더러운 장면.. 거창한 시작과 액션에서 갑분, 결국은 사랑이다로 문제해결이라니.. 이게 왜 재밌는거지;;; 배우들은 훌륭했습니다 ",2
24,나를 죽여줘,진짜 배우들 연기때문에 소름 여러번 돋았네요~ 광역시에 사는데도 상영관이 하나밖에 없어서 상영관 적은게 좀 아쉽네요이렇게 좋은 영화는 많이많이 봐야하는데,10
25,리멤버,부와 명예 그리고 사회적 지위를 누리고 사는 친일파를 영화에서라도 처단해주니 속이 후련하네요~ 통쾌하면서도 감동이 있는 영화 잘 봤습니다,9
26,늑대사냥,정말 이  영화가 흥행 할 거라고 생각하고 만든건아니겠지? 연출 연기 스토리 영상미 OST 중에서 몰 선택 할게 없네,1
27,자백,원작 영화를  봤다면 절대 비추 ㅠ  처음부터 몰입이  안 됨 ㅎㅎ,7
28,자백,원작 영화를  봤다면 절대 비추 ㅠ  처음부터 몰입이  안 됨 ㅎㅎ,7
29,죽어도 자이언츠,왜 아쉬움이 왜 없겠냐마는 가을야구 없는 롯팬에게 전하는 가을야구 선물이니까 ,10
30,인생은 아름다워,토욜 오전에 4시간 들여 차기름에 영화값 써가며 볼 바에는 그냥 잠이나 더 자는게 낫겠다 싶음,1
31,리멤버,연기 짱 잘함!! 꼭 봐야할 영화임!! ,10
32,리멤버,두 분 다 감정 전달을 너무 잘하시는 듯..,10
33,리멤버,다 알고있는 역사인데도 눈물이 왈칵 날 만큼 연기가 너무 좋았어요~,9
34,공조2: 인터내셔날,"멋잇고 잼잇다. 역시 현빈 짱,,,.",10
35,빛나는 순간,"배우 고두심은 어떠한 연기를 해도 관객들을 몰입시키지만, 두 주인공이 사랑에 빠지는 과정은 너무 뜬금없이 느껴져서 공감할 수 없다. 캐릭터들의 감정을 좀 더 세심하게 표현했어야 했다.",4
36,리멤버,소재나 주제는 좋은데 차라리 남주혁 부분을 빼는건 어땠을까 싶다,7
37,리멤버,소재나 주제는 좋은데 차라리 남주혁 부분을 빼는건 어땠을까 싶다,7
38,블랙잭,"80~90년대 할리우드에서 많이 만들어졌던 에로틱 스릴러를 따라하는데, 대부분 별다른 고민 없이 베낀 수준이라 얄팍해 보인다. 배우들의 그럭저럭 괜찮은데, 결말은 진짜 실망스럽다.",4
39,침묵의 시선,"가해자를 보여주었던 전편과 대비하여 피해자의 시선을 따라간다. 뻔뻔하고 죄책감이 없는 가해자의 모습은 분통이 터지고, 더 나아가 국가의 상태를 간접적으로 보여주면서 안타까움은 배가 된다.",8
40,인생은 아름다워,응답하라에 공감하신 분들이라면 꼭 보셔야할 영화,10
41,20세기 소녀,다만 널 사랑하고있어 라는 영화가 너무 많이 겹쳐보이네요. 망작은 아닌데 기존에 있던 레트로 추억팔이와 비슷한 전개의 영화 등등 몇개 짬뽕해놓고 막판에 감성자극 시키려는 다분한 느낌을 받아 최저평점드리구요. 그냥저냥 편하게 보기에 나쁘지않다 싶다가도 러닝타임이 길어서 뭐 저는 두번은 안볼듯.,1
42,에브리씽 에브리웨어 올 앳 원스,토욜 오전에 4시간 들여 차기름값에 영화비 써가며 볼 바에는 그냥 잠이나 더 자는게 낫겠다 싶음,1
43,블랙 아담,볼거리 많고 연기도 좋고 가끔 나오는 유머도 존잼,10
44,완득이,완득이 10번은 본 것 같아요 명작입니다,10
45,리멤버,간만에 좋은 영화봤어요 현실에서도 매국노 친일파를 그리 처단할수 있으면 좋겠는데..영화로나마 대신 위안이 됩니다,10
46,강철비2: 정상회담,영화이긴하지만 유치하고 악의적인 편파적 상황설정이네요. ,2
47,에브리씽 에브리웨어 올 앳 원스,욕하고  중간에 나왔다. 돈도  아깝고  시간도 아까웠다. 이런걸 표현의 자유라 미화시키지 마라.,1
48,미쓰 홍당무,정말 사랑스러운 보석같은 영화. ,10
49,자백,"김윤진과 나나 두사람이 주인공,소지섭은 그냥 들러리 정도...김윤진 좋아하는 팬들은 꼭 감상하시고 나나 연기력 대박",8
50,창수,"개인적으로 임창정 영화중에 3손가락안에 꼽히는 작품이었음,이 영화가 별로라고 씹어 대는 모질이들은그저 마블 액션 히어로나 가서 보시길",10
51,늑대사냥,극장에서 안보길 잘했다,2
52,공조2: 인터내셔날,개봉일에 한번보고 스크린에서 내려간다기에 두달여만에 다시 보았는데 이걸 또 특가에 특가를 더해서 한달을 더 연장 상영한다고? 계열사 CJ엔터라고 너무 우려먹는거 같은데 적당히 해야지. 영화 값어치만 떨어지는 행위라고 밖에..,6
53,블랙 아담,정말 오랜만에 히어로물다운 작품을 보게되어 반가웠다 스펙타클 블록버스터 히어로액션이란 바로이런거지!,9
54,리멤버,이성민이랑 형사가 거의 한패인 수준 ,6
55,정직한 후보2,관람객 수준은 올라갔는데 영화 수준은 퇴보하고 있으니...,2
56,20세기 소녀,99년도에는 이미 핸드폰 열심히 쓰던 시절인데 삐삐라니...ㅎ,8
57,은행나무 침대,"심혜진 너무 이쁘다. 영화 내도록 심혜진 밖에 안보여, 즐라탄 형님은 좀 극혐 ㅠ",7
58,리멤버,친일파는 반듯이 처벌받아야함,10
59,비상선언,"어떤, 고리타분 포맷을 벗어나려해 신선함을 찐했다.",10
60,컴백홈,컴백홈 해야 되는데 다시 가출을 해버리네,4
61,자백,오랜만에 스토리 탄탄한 영화 잘 봤습니다,10
62,캡틴 아메리카: 시빌 워,윈터솔져 세뇌씬은 가히 최고다....어떻게 이런 변태적인 생각을.(좋다는 뜻),7
63,그대가 조국,이런걸 대체 왜보는것임,2
64,공조2: 인터내셔날,뻔한 전개  실망스럽다잼없다,2
65,공조2: 인터내셔날,전편보다 재미있었음,10
66,리멤버,시나리오가 쫌만 촘..촘.. 했으면~~ 싶다!!,7
67,하치 이야기,오래전 개봉한 영화지만 정말 슬프고 감동적인 영화 입니다. 추억에 시간보다 고통스러운 기다림에 시간이  훨씬 길었다는것도 너무 슬프고 한평생을 한사람만 기다린 하치가 너무 불쌍했습니다. 이영화를 보고 우리가 키우는 반려견의 시점에서 한번더 생각해보는 계기가 되었습니다.,10
68,공조2: 인터내셔날,아 지난 주말 봤는데... 정가로 재미있게 보긴 했는데... 지금 극장 7천원 특가네... ;;; ,10
69,탑건: 매버릭,너무 재미있었어요! 별 5개!,10
70,에브리씽 에브리웨어 올 앳 원스,엄마와 딸의 갈등이라는 다소 진부한 얘기를 멀티버스라는 소재로 잘 풀어나가고 지루할 틈 없는 연출력이 대단한 영화! 영화 속에 생각보다 많은 의미가 담겨 있어 다시 한번 놀라게 된다.,10
71,20세기 소녀,"남주가 죽은게 젤 아쉽지만...., 이렇게 마무리된것도 나쁘지 않았..무튼 재밌음",10
72,정직한 후보2,재밌어요,7
73,블랙 아담,DC에 미래가 보인다. . . .,9
74,늑대사냥,너무너무 답답한 경찰.. 암이 생겨버렸다,2
75,자백, 오랜만에 제대로된 추리물 본거같네요,10
76,블랙 아담,오로지 액션만 볼거면 추천합니다,5
77,성덕,아직 성덕에서 조금 모자란 난 공감하며 울 oppa 아니어서 다행이다 싶다가도최근 다른 의미로 이슈가 있던 울 oppa여서 저 맘 이해되는데 무튼 j씨가 본다면 이 작품 보며 울 것 같다 10년 후 감독님이 다시 j씨에 대해 다큐를 만든다면 어떻게 만들까? 궁금해진다 재미있게 잘 봤습니다 ,6
78,에브리씽 에브리웨어 올 앳 원스,상영시간이 좀 길었는데도 끝까지 졸지 않고 본 영화. 점입가경~!,8
79,리멤버,이성민씨 연기 개쩌네요 ...,10
80,20세기 소녀,남주 왜죽임..ㅜㅜ끝이  허무헤,4
81,늑대사냥,10년된 배테랑 형사들로 배치 했다더니 개뿔 총도 제대로 못쓰고 싸움도 못함 누가 보면 초짜 형사들로만 구성한줄 알겠던데.. 동료가 옆에서 죽고 피가 솟구치는 총들고 멍때림 거기다 수십명의 살인범 범죄자 이송하는데 호위함 1척 정도 띄워야 하지 않음 ? 배안에서 무슨 일이 일어날지 모르는데 말이죠. 이영화 실패 원은은 중반에 나오는 터미네이터 인간좀비 아저씨 뜬금포 등장임! 그냥 선박안에서 경찰vs범죄자 싸움이 였으면 중박은 갔음,1
82,20세기 소녀,정말 재밌지만 너무 슬픈 영화. 이렇게 슬플줄 몰랐다ㅜㅜㅜㅜ,10
83,20세기 소녀,진짜 완전 몰입해서 봤어요…앤딩 볼때 우는건 덤이고요…지금 두 번 봐서 이제야 겨우 일상생활 가능,10
84,치외법권,임창정연기좋고 잼있네요 최다니엘도 좋고 경각심도 생길수있고 좋은영화에요,10
85,리멤버,아카데미 남우주연상...사랑해요정말 연기가 멋있고 감동 연기는 이런것..,10
86,자백,"사전정보 없이 관람하는데 어딘가 익숙한 스토리,, 원작을 봤던터라 어떻게 각색했을까 하며 봤어요, 배우 분들 연기도 좋고 재밌게 봤지만 반전의 임팩트는 원작이 더 강렬하네요",8
87,정직한 후보2,ㅋㅋㅋ C급 코미디. 3편은 만들지 마라.,5
88,일라이,예상 밖의 결말.이런 반전 공포영화 환영해요. ,10
89,보안관,배우들이 하드캐리 해주신 영화,8
90,신비한 동물들과 덤블도어의 비밀,누군가는 사랑을 이뤘고누군가는 사랑을 잃었다.,7
91,녹색 광선,주인공이 이해가지 않다가도 왠지 모르게 동질감을 느끼게된다,8
92,카사블랑카,그 시대에 이런 영화를 만들다니..,9
93,스마일,보다가 정신나갈것같긴했는데 재밌었음,10
94,오네긴,"섬세한 연기, 소품, 메마른 배경...영화에 몰입하기에 부족함이 없었다",8
95,늑대사냥,이야기의 개연성도 없고 죽이는 이유도 없다. 그냥 죽인다. 감독이나 각본가 둘다 범죄자는 그냥 사이코패스로 아는 것 같다. 경찰은 병신이고 범죄자는 그냥 돌아이 병신에 피가 물처럼 흐르면 액션인 줄 아는 감독과 연출,1
96,블랙 아담,킬링타임용.더락의 존재감! 다시 한 번 더 입증! 액션씬 죽여줌.그런데 스토리에서 오글거리는 부분이 좀 있음.그 이외 DC에서 나온 것 치곤 괜찮아요~ 다크하지도 않고.,8
97,기기묘묘,이런 독립영화가 많이 제작됐으면 좋겠습니다,7
98,블랙 아담,사실 DC영화는 망해간다고 느꼈는데 오랜만에 진짜 재밌게 본 영화슬로모션이 많긴하지만 DC스러운 느낌이라 좋았고 캐릭터성도 다 좋았음,9
99,해리 포터와 마법사의 돌,하하 20년 전 영화라도 신선하고 재밌네요 ㅎㅎ ,10
100,공조2: 인터내셔날,유쾌 상쾌 통쾌,10
101,2009 로스트 메모리즈,당시 친구 대흥행으로 동건형님의 다음 행보라 봤지만 지금 이런 소재였음 흥행했을 가능성 매우 높다고 봄. 거기다 당시 잘 나가던 동건형님 타이틀까지 붙었으니,9
102,클레멘타인,충격적인 사실을 폭로합니다. 중국의 네티즌들이 &amp;lt;클레멘타인&amp;gt;이 중국 영화명작이라 주장하고 있습니다. 김치.백두산.한복에 이어서 이젠.. 오냐! 싸우자!,10
103,만델라 이펙트,불면증 치료 영화,1
104,여름 이야기,&amp;lt;여름 이야기&amp;gt;란 제목의 영화에 기대했던 모든 것이 펼쳐진다,8
105,수프와 이데올로기,마치 우리 가족인듯 영화 내내 울다가 웃다가 현대사를 곱씹게 됩니다,10
106,카사블랑카,"명작이다. 잉그리드 버그만과 험프리 보가트의 미모와 잘생김, 연기 호흡과 마지막 결말에 반했다. 명작이 명작인 건 이유가 있다.",10
107,리멤버,또또 좌파 영화나왔네중공공산당간첩이 주적이여야할 시기에 ㅋㅋㅋ친일파 나쁘지 ㅇㅇ 근데친일파보다 더나쁜기 중공 공산당 간첩인데 ㅋㅋ허구한날 친일파 ㅋㅋ 문통령님 아버지곡물수탈하며 공무원했던거 자꾸 들춰내네,1
108,늑대사냥,동일이형 아무리 입금되면 다 한다지만  가릴건 좀 가리자 이딴걸 왜 찍어 ,1
109,여고생 시집가기,참재밋노참재밋노참재밋노,1
110,늑대사냥,내 생에 최악의 영화 탑 7,1
111,인생은 아름다워,"ost도 너무좋고류승룡배우님,염정아배우님 연기도 너무좋고아들이 거짓말부를때도 눈물이ㅜ아이들하고 한번더 봐도 좋겠다싶어요재밌기도하고 감동도있고 오랜만에 좋은뮤지컬영화본것같아요♡",10
112,리멤버,역겨운 좌빨 국뽕영화 안본다,1
113,라이더스 오브 저스티스,복수극에 B급감성을 넣었다????일단 나한텐 성공작,10
114,자백,지리누,9
115,영웅본색,리멤버 홍콩... 그시절 전성기를 알리는 홍콩영화의 기념비적 작품 배우들 하나하나가 전설적 인물들로 감회가 새롭다 개인적으로 탑건과 함께 청춘을 함께했던 영화로 인생픽 명예의 전당속에 헌정된 명작,10
116,리멤버,80세 치매노인 이라기엔 기억력이 너무 좋고액션도 007을 능가함 이래도 되나? ㅎㅎ,7
117,리멤버,재밌게 봤어요 연기 모두 좋아요~,10
118,죽어도 자이언츠,아주라 군단!,10
119,말모이,우리말을 지켜주신 이야기를 영화로 만들어주셔서 감사합니다.,10
120,머큐리,스릴러를 가장한 액션영화,7
121,자백,잘 봤습니다  볼만한 영화 임니다,10
122,국제시장,투쓰섬업!투쓰섬업!!,5
123,리멤버,영화 재밌게 잘 봤습니다.,6
124,20세기 소녀,해피엔딩중독자라 그런지 결말 매우 아쉽.. 결말만 아니었어도 인생영화였다,9
125,레이디스 나잇,유치하고 막장이지만 이게 바로 미국식 병맛 코미디의 진수..,7
126,자백,집중해서 보게고 영화 내용흐름이 재밌음,10
127,20세기 소녀,연기력과 영상미가 모두 좋았던  영화~~~  오랜만에 옛 감상으로 빠져들게한 영화!!  벌써  4번째 보눈 중~~^^,10
128,자백,근래들어 본영화중에 최고두번보면 무언가 숨은 요소들이 보일것같은 기분,10
129,치어 댄스,유치하고 오글거리고 뻔한 전개. 치어리더의 성장을 다룬 영화인데도 인상적인 공연무대 한 번 나오지 않음ㅋ 출전하는 장면만 나오고 곧바로 그 결과를 대사로 처리해버림ㅎㅎ 그냥 아마추어 댄스동아리가 연습하는 장면들이 전부.. 하지만 귀여운 학생들이 발랄하게 뛰는 모습에 별 2개 드립니다. ,4
130,카터,먼내용이야 도데체 ㅋㅋㅋㅋ,1
131,정직한 후보2,2보다는 1이 재밌었지만 2도 재밌어요,8
132,자백,배우들의 연기가 빛났고 탄탄한 스토리에 끝까지 집중해서 재밌게 잘 봤습니다~ 잼나요ㅎㅎ,10
133,맨 오브 스틸,형님 복귀하셨다 가즈아!!!,10
134,20세기 소녀,김유정은 아역부터 현재까지 그리고 앞으로도 우리나라 대표 여배우가 되겠다,10
135,늑대사냥,시체에 오줌싸고 남자오럴등 토나토는 극악무도한 장면의 연속~ 감독 출연진 정신감정이 시급한 이런 오물영상은 당장 폐기해라,1
136,공조2: 인터내셔날,지루할틈 없이 코믹과 액션이 잘 만들어진 영화.속편이 스케일도 크고 더 재미있음.마지막 장면 보니 3편도 나올기세...,9
137,늑대사냥,범죄도시 마동석 vs 흑화한 최귀화,6
138,에브리씽 에브리웨어 올 앳 원스,멀티버스를 소재로 심오한 인생 이야기를 유쾌하게 엮어낸 삶의 철학 이야기로 느꼈어요. 삶의혼돈에 굴하지 않고 자신한계를 극복함으로써 유쾌하게 삶을 긍정하는  아모르파티 정신을 잘 연출한것 같아요 어려운 이야기를 잘 연기해준 배우들에게도 찬사를 보냅니다 ,10
139,헤어질 결심,최고강추꼭 보세요.,10
140,그린 북,마지막 흑인전용 식당씬에서 돈 셜리가 자유로운 음악인 째즈를 처음으로 흥이나게 연주하는 씬에서 감동이더라,10
141,늑대사냥,이런걸 영화라고 만들었냐  유투브용으로나 올릴 수준,2
142,공조2: 인터내셔날,"공조 시리즈는 계속되어야 한다. 3, 4, 5 까지 쭈우욱~~",10
143,늑대사냥,남자 마녀! 저는 2편 기대해요.,10
144,20세기 소녀,정확히 어떤 감정인지 모르겠지만눈물이났다 그나저나 나도 나이를 많이 먹었구나..-80년대생-,10
145,캐릭터,배우들 연기력도 좋고 긴장감도 좋네요,8
146,더 파더,"그 누구도 믿지 못하게 되는 공포, 시공간이 뒤틀리는 경험의 공포, 자신의 기억과 보여지는 현상 사이의 괴리에서 느껴지는 공포, 결국 더이상 무슨 일이 벌어지고 있는지 모르겠다는 눈물의 고백을 내뱉을 수밖에 없는 극한의 공포를 다룬 영화.",9
147,센티그레이드,아..갑갑해...내가 숨이 막힌다,4
148,롤러코스터,킬링타임용 b급감성 돋네요ㅋ,10
149,리멤버,친일 부역세력과 반성하지 않는 그 후손들은 이거 보고 최소한의 양심과 마음의 빚을 안고 살어라. 너희들이 바로 토착왜구다!,10
150,토니 에드만,분명 사랑하지만 이해할 수 없는 부녀관계.,8
151,컴백홈,영화를 보면서 잼있는 부분을 못 찾았고내용도 별로 없고. 웃기던지 울리던지 해야하는데 코미디영화는 아닌것 같습니다.그냥 웃음포인트가 없네요,4
152,씽2게더,최고의 에니메이션이다. 요세 망해가는 디즈니 에니보다 훨씬 잼있음!! 다만 스토리적인 완성도만 보면 1편보단 많이 아쉽다. 하지만 2편은 대놓고 화려하게 잘만든 즐겁고 엄청난 쇼!! 즐기자!!!,9
153,카사블랑카,당신의 눈동자에 건배영원한 클래식 무비,8
154,자백,원작을 보지 않은 입장에서는 영화 재밌게 잘 봤습니다. 갠적으로 연기 톤은 어색하고 뭔가 옛날 영화 보는 느낌쓰 그래도 2시간 동안 집중해서 보느라 시간 순살쓰 ,7
155,불도저에 탄 소녀,김혜윤 배우님의 연기 인상적이었습니다.,8
156,스파이더맨: 노 웨이 홈 '펀버전',그냥 대작 일단4DX로 봤다 10월 5일에 최초로보니깐 4DX 포스터도 좋네 마블아 일 열심히 하자 ,10
157,인생은 아름다워,"별다른 기대없이 봤는데,   나이대가 비슷해서 그런가.   노래도  넘 좋았고 울다가 웃다가 또 울다가 웃다가 마지막에는 펑펑 울었네요~ ",10
158,리멤버,"언제까지 반일노음 과거에 미처 일본을 저수하고 지랄염병 할것인가?이런 논리라면 남침전쟁을 일으킨 김일성 일가에 대해서 우리는 왜 침묵하고 심지어 북한 빨갱이 집단을 응호하는 집단까지 있는가 말이다.이제 과거에 미처사는 개돼지 국민은 되지말자.아무리 영화라고 하지만과거팔이 하지맙시다.일본에 침략을 막지못한 무능한 권력욕에 미처 국민을 버리고 자신들에 배떄지만 배부리 살겟다고 나라를 망친 원흉 고종과 민비를 저주하고 원망해야한다.한 나라에 지도자 임금이 무능하면 나라는 국민은 모두가 노예가 나라없는 백성으로 산다는것 우리는 역사를 통해서 배웟다,당신들은 저 좃같은 조선시대에 살고싶은가?같은말을 쓰는 인간을 종으로 부리고 자유.인격.인간에 존엄마저 정승집 개 만도 못한 취급을 받고 살았던 그 좃선시대 정녕 부럽다 말인가 말이다.",2
159,비상선언,군더더기만 걷어낸다면 수작임.신파와 정치풍자에 너무 욕심부린느낌 ,8
160,리멤버,두배우 케미가 좋아요 몰입감있고 재밌게 봤습니다,10
161,리멤버,다시 또 보고 싶은 영화입니다.이성민 배우의 연기력은 정말 놀랍습니다.마지막 반전과 애절함에 지금도 눈물이납니다.,10
162,수프와 이데올로기,한국의 아픈 근현대사가 한 가족의 뼈와 살에 새겨진 듯하네요. 국가간 특정 세력 간 다른 이념으로 인해 국민들은 왜 시련과 아픔을 지고 살아야만 하는지 인간에 대한 회의감과 반성을 하게 만드네요. 오늘 저녁은 삼계탕 직접 만들어 먹어보려고요^^♡,10
163,늑대사냥,쓰레기도 이런 쓰레기가 없음 판타지 영화냐 ㅎㅎㅎ 와 총 싸움 부터 시작해서 이런 감독은 영원히 매장시켜야한다 ㅎㅎ,1
164,늑대사냥,서인국 연기 잘함. 그게 끝임. 보지마세요 그냥; 작가가 잘 쓰다가 중간에 짜증나는 일 있어서 장난친거같음,1
165,자백,흠..제목이 강력 스포..중간에 좀 졸았어요ㅠㅠ원작이랑 비슷하면서도 전혀 못따라가는..아쉬움,4
166,윤희에게,"엄마도 한때는 여고생이었고, 조금 다른 취향을 가질 수도 있는 한 인격체임을.",8
167,20세기 소녀,김유정 좋아해서 봤네요이제 80년대생들이 과거를 회상하는 영화가많이 나오네요ㅋ70년대생인 저도 너무 저시절이 그립습니다 ㅋㅋ,10
168,자백,원작인 인비저블 기스트의 스토리가 너무 탄탄했기에 한치의 의심없이 자백 관람하였습니다. 반전에 반전에 반전!!! 리메이크 넘 잘 했네요^^ 내용을 알고 봄에도 넘넘넘 몰입감있게 봤어요^^ 완전  쫄깃했어요♡ ,10
169,인생은 아름다워,오랜만에 감동을  받아서영화보는내내 울어버렸어요예전에는 그냥 흘러듣던 가사인데영상과 어울리면어 묘한 감동을 주네요주위에 꼭 추천드릴거예요~~천만 가즈아~~,10
170,인생은 아름다워,오랜만에 감동을  받아서영화보는내내 울어버렸어요예전에는 그냥 흘러듣던 가사인데영상과 어울리면어 묘한 감동을 주네요주위에 꼭 추천드릴거예요~~천만 가즈아~~,10
171,인생은 아름다워,신랑이랑 봤는데 너무좋았어요,10
172,블랙 아담,4dx로 봤는데 액션씬이 많아서 더 실감나게 재밌게 봤어요~!,9
173,리멤버,배우들의 열연을 어거지 신파로 바꿔버린 감독의 절망적인 연출력..,5
174,리멤버,다소 아쉬운 부분이 있었지만 이 영화가 흥행하여 이슈화 되길 바랍니다.,8
175,리멤버,"소재의 진부함, 다소 어색한 전개, 국뽕, 지루한 설명..그럼에도 볼만할 가치가 있다. 친일,위안부,강제점령..뭐하나 제대로 청산된게 있는가? 현실은 그대로지만 영화로라마 복수로 청산하며 대리만족과 통쾌함을 느끼면 그게 어디겠는가..배우들의 캐릭터 소화력도 좋았고 재미있었다. 리멤버..기억해야겠다..",9
176,귀못,진짜 보지 마세요 .. 지금까지 봤던 영화들 중에 왜 봤는지 후회하게 만드는 영화였습니다 내용이 풍부하지도 않고 소리만 너무 크고 귀아프고 ..,2
177,국제시장,다좋은데  저둘째 조금 사가지없어보임,10
178,블랙 아담,많이 먹어 본 익숙한 맛,7
179,4DX 문유,색다른 시도,7
180,멀티플리시티,"221029[9]옛날에 봤던 영화인데, 어두운 소재가 대 부분인 복제인간 스토리를 코믹하게 잘 그려내서 인상적었죠. 엔딩도 만족스럽고.",9
181,자백,저는 김윤진씨의 발음이 뭔가 어눌한것같은 딕션이 명확하지 않은게 보는 내내 거슬렸어요 조금 덜 했지만 소지섭씨도 그랬고요 연기는 좋았지만 발음이 전부 부자연스러웠습니다 주인공 두분만 …..,6
182,아담스 패밀리 2,아주 재미있게 봤습니다.,10
183,인비저블 게스트,흥미진진하게 본 영화 중 하나,10
184,리멤버,"비현실적 요소가 많지만, 주제 메세지가 좋았다",8
185,20세기 소녀,나의 소녀시대 급 감동이었음 ㅠㅠ,10
186,리멤버,감동적이고 이성민의연기가 진짜 노인같았다,10
187,미스 슬로운,미친영화. 걍 보세여. ,10
188,20세기 소녀,하... 진짜인가 결말이 이게..,1
189,늑대사냥,이런 영화는 쓰레기통에 처넣어버려야한다,1
190,비상선언,나만 인생영화 됐나봄 재밌었음,10
191,정직한 후보2,확실히 1편보다는...,6
192,한나,평점이 너무 낮다. 뭐가 문제지??,10
193,20세기 소녀,여운이 계속 남네요..,10
194,스타게이저: 아스트로스코프,진짜 평생 아로하 할래요 6명 모두 너무 소중하네요.. 평생 함께해줬으면 좋겠어요??,10
195,20세기 소녀,다 괜찮았는데 결말이 진짜 엉망이네요. 스토리는 좋았는데 한효주 배우부터 연결이 안되요.. 정말 아쉽. ,8
196,럭키,너무 재밌고 웃겨서 잘 봤어요.ㅎㅎ,10
197,극장판 짱구는 못말려: 수수께끼! 꽃피는 천하떡잎학교,짱구 매니아 로써 이게 제일 재밌었다..짱구랑 아이들이 엉뚱해도 갈수록 자라고 있다는게 느껴짐..짱구는 진짜 만능캐 였던거 같음.. 이 영화보고 울뻔했습니다 ㅠㅠ 이걸 보고 청춘을 느끼다니..보면서 제가 왠지 짱구가 된것 같은 기분이 들었어요..,10
198,따귀 일곱대,남기남 감독인데 뭘 더 기대하냐..스포츠 재방송을 봐라,1
199,늑대사냥,"이 정도 배우진에 이 정도 제작비, 액션, 특수효과, 연출 쓰면서 이 정도 시나리오 밖에 못 만들은게 아쉬움 그래도 한국영화계에 전례 없던 새로운 시도이긴 했음",6
200,악마를 보았다,"최민식, 음성까지도 연기하는 정점의 액터중 하나. ",10
201,선과 악의 학교,비주얼적인거 빼고 .. 스토리가 너무 뻔해요 ㅠ,1
202,불릿 트레인,중반까진 각각 다른 맛을 내는 스시를 먹다가 메인 코스로 서더리탕이 나와버렸네...,6
203,컴백홈,이름만 옛날 컴백홈이 아니라 코메디도 옛날임,2
204,리멤버,이성민 배우의 연기력은정말 대단한 것 같았다모든 장면이 동판화에새기는 것 처럼 각인되며마지막 떨리는 독백 연기는모든 사람의 숨을 멈추게만들었다.,10
205,리멤버,이성민 배우의 연기력은정말 대단한 것 같았다모든 장면이 동판화에새기는 것 처럼 각인되며마지막 떨리는 독백 연기는모든 사람의 숨을 멈추게만들었다.,10
206,육사오(6/45),정말ㅣ정말 재밌습니다 꼭 보세요,10
207,늑대사냥,괜히 봤어요 ㅠㅠㅠ 너무 잔인,1
208,자백,다 예상 가능 해서 그다지,2
209,공조2: 인터내셔날,집에서 보세요. 딱 그정도,4
210,리멤버,나치에 의해 가족이 희생당한 유대인 노인이 복수하는 영화가 원작인데  우리 역사에 적절하게 리메이크 한 거 같네요. 볼만합니다.,8
211,마담 뺑덕,개인적으로 집중되고 재밌었어요,10
212,자백,스페인영화가 원작인데 리메이크를 잘 한 거 같아요. 볼만 합니다. 사실 원작보다 스릴은 좀 덜합니다만.,9
213,늑대사냥,"마녀랑 비슷한 맥락인데,,차라리 남주를 서인국이 했으면 좋았을 것 같음. 조연들은 좋지만 주연이 약한느낌 ㅜㅜ 액션이나 초능력 이런거 좋아하면 볼만해요~",8
214,슈퍼배드,미니언은 정말 사랑스럽습니다,10
215,늑대사냥,"성동일 배우님. 장영남 배우님. 누군가에게 약점을 잡히거나 빚을 졌다면, 당근을 흔들어 주세요.",1
216,20세기 소녀,가슴 두근거리고 웃음짖게하는 영화마지막은 조금 아쉽지만 볼만하다,10
217,리멤버,아무정보없이 시간남아서 보게됐는데영화 정말 못만들었다 하면서 감독찾아봄스토리도 억지에볼거리가 있는것도 아니고학생들 졸업작품이 나을정도...뭔가 안만들어졌어야할 영화라 생각됨,1
218,리멤버,기대이상으로 잼나고 멋짐,10
219,리멤버,&amp;lt;26년&amp;gt;처럼 망작은 아니지만 세련되지 못한 어설픈 복수극.남주혁은 흥행용?,4
220,공조2: 인터내셔날,억지 개그 삼류 코미디 좀 그만 넣으라고.,1
221,에브리씽 에브리웨어 올 앳 원스,주제에 대한 강요가 너무 심해서 고통스러웠다,2
222,블랙 아담,진짜 재밌었냐 이게? 친구한테 욕만 쳐먹었다 ,2
223,초미의 관심사,"치타 첫연기 자연스럽고 좋다. 노래는 두말하면 잔소리고...엄마 캐릭터는 엄청 짜증나는 철없는 엄마역인데,  조민수배우가 연기를 엄청 잘해서 엄청 킹받음 ㅋㅋㅋㅋ ",8
224,20세기 소녀,잔잔하면서도 향수를 불어일으키는 영화다너무 잼있게 봤네요,10
225,늑대사냥,예고편대로만 갔으면 얼마나 좋았을까요 연출과 영상미 모두 좋았으나 갑자기 알파가 등장하면서 모두가 원하지 않았던 방향으로 흘러갑니다..그럼 거기에 맞게 예고편을 만들었어야 하는거 같은데 사람 당황스럽게 만드는 영화네요 알파가 등장해서 오?하는 것 보다 아니 뭔데 이건..이런 생각이 들게 하니...그냥 스토리 자체가 대부분 기대했던 방향이랑 너무 다르게 간 기분이라..예고편을 잘못 만드신건지...그냥 보는 내내 집중이 아니라 왜 이렇게 흘러가지 이런기분이였어요..속은 기분,4
226,블랙 아담,드웨인존슨의 출연으로 히어로 영화의 새로운 주역을 볼수 있어 좋았음.,9
227,인생은 아름다워,헐리우드 유명한 뮤지컬 영화들 이거저거 카피해서 따라만든거 같은데...한계가 있네요....스타이즈본처럼 쌩라이브 영화 보다가 이거보니까  확실히 많이떨어짐..,5
228,늑대사냥,좀과해. 여자들이 싫어할만 하다,4
229,자백,"소지섭 김윤진이야 원래 믿고보는 배우이지만 나나는 정말 기대이상 .발음 , 톤 , 감정 , 표정 정말 너무 괜찮았고 너무 이뻐서 보는 내내 감탄했어요 ",10
230,프리즌,몰입은 되지만 끝난 후엔 생각 나는게 없는 영화,6
231,에브리씽 에브리웨어 올 앳 원스,"너와 나, 그리고 내가 함께하는 모든 순간에.",8
232,자백,스페인 영화 리메이크한 것 중에 원작보다 낫다 싶은게 없네… ,6
233,비상선언,"세월호, 코로나 19같은 현실에서 있을 법한 재난 소재로 만들어서 영화를 보는 내내 몰입감이 넘쳤고 배우들의 연기가 하나하나 너무 뛰어났다 초반부 너무 전개가 빠른거 아닌가 했는데 재난에 재난의 상황이 계속 생겨서 중후반 루즈하지도 않고 생각보다 내용도 알차고 탄탄하다고 생각했다 사람마다 어떻게 봤을지는 모르겠지만 눈물흘리면서 본 영화",8
234,블랙 아담,블랙 아담보다 기억에 남는 닥터 패이트...,8
235,황해,한국가서 엠지를 갖고 와야하는 조선족 MZ세대의 우탕탕탕 모험영화.,10
236,리멤버,2020 리멤버 기억의살인자를 &amp;#39;복붙&amp;#39;한걸로 모잘라서 코메디영화로 만들어버리네 이것들이..,1
237,늑대사냥,와...쓰레기 영화 피 만 나옴. 제작비 3분의 2가 피 ,1
238,20세기 소녀,진부한 스토리에 갑작스러운 신파 ㅠㅠ 재미없었지만 시작했으니 끝까지 봤어요 ,4
239,늑대사냥,간호사 한 번 하고 죽지 ㅋㅋ제일 섹시,10
240,미혹,"공포감을 조성하려는 연출, 편집에만 신경 쓴 듯한....",6
241,늑대사냥,1점도 아까워예고편도아니고 ,1
242,"조제, 호랑이 그리고 물고기들",영화는 볼만하긴 했는데 일본은 원래 헤어지고 바로 환승하나??  남주의 눈물이 과연 진실된건가?한번 버린 여친에게 돌아가고 버린여친을생각하면서 그 앞에서  눈물흘리다니,8
243,혐오스런 마츠코의 일생,어떻게 이런 이야기를 이런 연출로 이렇게 연기할 수 있는건지.. 정말 대단한 영화다..,10
244,자백,그닥 원작이 생각나서확실이 원작이 매우 우수해요.아쉽슥니다.그냥 넷플릭스뜨면볼걸 그랬습니다.감동 지수 ㅠㅠ,2
245,20세기 소녀,"나는 01학번으로서 영화와 거의 동시간대를 살았다. 1999 노스트라다무스, 세기말, Y2K 등등. 그리고 그 당시 좋아하는 여자애가 생겨 그 애랑 연락하려고 017번호의 첫 핸드폰도 구매했었고... 이렇듯 그때의 기억을 하나 둘 씩 꺼내어 주는 풋풋한 영화. 건축학개론 이후로 맘에 드는 &amp;#34;첫사랑 회상 로맨스 영화&amp;#34;. 그때 그 애들은 잘 살고 있을까? 그래, 잘 살고 있겠지! 미래에서 20세기 소녀들에게 안부를 묻는다.",10
246,늑대사냥,대체 이런 영화를 왜 만든거에요?이건 투자자 잘못이야...이런 영화의 시나리오보고 투자를 해주다니... 감독보고 해주신건가요? 아님 배우? 배우들도 돈준다니까 이런 영화에 대충 출연하고 그러는거 아닙니다. 본인들 흑역사로 기록될 정도로 멋진 연기였고... 감독은 이런 영화를 3부작으로 계획했다고 하는데 진짜 매너없고 상도덕에 어긋나는 생각인듯 합니다. 마녀 따라하고 싶으셨던거 같은데... 마녀는 고사하고 망녀3부작 나오겠네요.제발 이런 대충만든 자극적인거에만 신경쓰고 미장센이니 새로운시도라느니 하는걸로 포장된 영화는 더이상 안나왔으면...,1
247,귀못,처음에는 별로 안무서웠는에 뒤로 가면 갈수록 무서워 지는 느낌??귀못 너무 재밌습니덩,10
248,자백,스릴이 있고 내용과 각본이 잘짜였고 반전도 있는 근래의 영화중 재미 있게 봤습니다.,10
249,너를 죽이고,뭔쓰레기영화노이기야,1
250,늑대사냥,아..배우들 개아깝다.남자버젼 마녀인가?설마 2는 안나오겠지...,2
251,시라이,소메타니 쇼타와 이토요 마리에는 왜 출연했을까?B급도아닌C급영화에..,2
252,리멤버,역사를 잊은 민족에게 미래는 없다 라는 이야기 ,6
253,정직한 후보2,좋아하는 배우는 나오는데그다지 재미가 없네요...,4
254,육사오(6/45),이런 영화 너무 좋다! 한국 코미디영화 많이 만들어지길!!,10
255,리멤버,하아..감독 반성해라... ,1
256,인생은 아름다워,인생의 소중함을 되돌아보게하는 아름다운 영화입니다,10
257,메가로돈,"상어가 짱깨들을 다 먹어치우길 바랬는데, 상어조차도 떼놈들은 더러워서 싫었나보군 ㅋㅋ이런 영화 수준으로 일대일로를 꿈꾸는 짱깨들이 노력이 우습다 ㅋ ",1
258,아수라도,왜 1점을 주는지 설명할 필요조차 못 느끼겠다.,1
259,러브 어페어,"인생 영화,사랑하는 사람들이거나 사랑을 하고싶은 이들은 한번쯤은 감상해야할 영화,",10
260,늑대사냥,내가 50평생 이런 영화는 처음이다 돈쓸곳 없는 투자자들이 많은가 봅니다~~~,1
261,상류사회,변혁씨 아직도 활동 한다는게....대한민국의 수치다.,1
262,블랙 아담,잼따,10
263,20세기 소녀,김유정 너무 이쁘다. 완전 내 세대의 배경은 아니지만 추억을 일으키네.. 잔잔하며 좋다..,10
264,20세기 소녀,"잠잘려고 켰다가, 날샜네요헐 출근해야되는데ㅠ 시간가는줄 모르고 푹 빠져버렸습니다",10
265,간신,"숭재의 애절함을 미세한 부분까지 섬세하게 표현하는 배우의 표정변화 하나 하나가 인상 깊었다.거의 끝나갈 때 쯤 임사홍에게  하는 연산군의 대사나, 영화 중간 중간 삽입되는 소리꾼 등이 직간접적으로 장면의 핵심을 정리해줘 몰입이 괜찮았던 것도 있다.연산군의 광기를 전달하기 위해 자극적인 요소들이 필수적이었나 싶기도 했지만,  그 부분이 영화가 주고자 하는 의미를 방해하는 것 같다.끝으로 갈수록 괜찮았고, 그무렵 숭재의 대사가 이 영화에 대한 생각을 바꿨다.",8
266,네온 데몬,"자극적으로 더 자극적으로, 국제영화제 이제 더이상 못봐줄 정도까지 온 것은 아닐까? 참는 것에도 한계가 있다 이것들아!",5
267,수퍼맨 리턴즈,늘어지는 연출을 제외한다면 나름대로 볼 만하다. 액션이 중요한 영화인데 액션 비중이 비교적 작다는 것은 흠이 된다.,7
268,센과 치히로의 행방불명,"남들 다 보던 넷플릭스 드디어 결제해서 봤다!!처음의 신비로움과 마지막의 행복한 결말이 나로 하여금 참 행복하게 만들어 주었다.특히 ost는 두말하면 잔소리 수준으로 명반이라고 해도 무리가 없다.하나 아쉬운 점이 있다면 마지막에 치히로네 가족이 이사하는 모습도 보여주고이사가 끝난 후, 치히로가 한여름밤의 꿈 같았던 온천에서 있었던 일들을 회상하며 영화가 끝마쳤다면 그 여운이 어땠을까 하는 아쉬움이 든다.물론 감독과 작가들의 의도가 다 녹아져있겠지만!!또 개인적으로 이 작품에서 하쿠가 왜 굳이 용이 된 것인가?! 이 부분이 참 의문이다.이 세계에 온 이상 요괴처럼 변한다는 것인가?그럼 치히로를 도와줬던 그 젊은 여자는 왜 요괴로 변하지 않는 것인가?!또한 하쿠가 왜 유바바를 배신하려고 했는지 그 이유가 잘 기억이 나지 않고 유바바도 왜 하쿠가 쓸모없다고 한 건지이유가 잘 기억이 나지 않는다 ㅜ또한 유바바의 쌍둥이 언니? 동생?은 나쁜 역할인 줄 알았더니 왜 착한 역할로 나온 건지이야기 전개상 어리둥절하거나 이해가 안 된 부분이 많았다.작품성이 안 좋다기보다 지극히 평범한 내 입장에서 그냥 호기심이랄까?! 궁금하기도 하고 답답하기도 하다.하지만 오히려 이런 면이 나중에 다시 볼 때 점점 그 부분에서 집중하여 볼 수 있는 포인트가 될 것 같다.나의 영원한 명작센과 치히로 다음에 다시 만나자~~~!! ",10
269,늑대사냥,최고다 한국에서 이런작품이 나오다니,10
270,스크림,모처럼 제대로된 영화 봤네요. 공포요소가 큰건 아닌데 스토리가 너무 알차고 탄탄함. 의외로 범인 추리하는 맛이 있었음. 가능했던건 아니지만 ㅋㅋㅋ걍 보면서 누구일지 찍어보셈 . 그리고 감독이 연출 변태임ㅋㅋㅋㅋ저 시대에 저런 연출이 가능하다니 너무 재밌었음,10
271,유체이탈자,"역시 윤계상!!스토리도 잼있고, 액션씬 쩔어요. 캐스팅도 넘 좋다. ",10
272,"그 남자, 좋은 간호사",몰입도가 높다. 색채가 스토리와 어울린다.,10
273,모노노케 히메,"개나 소나 보던 넷플릭스를 드디어 결제해서 봅니다.모노노케 히메 어릴 때 학교에서 자주 틀어줬었는데 워낙 집이 가난해서 그런 애니메이션 문화에 익숙하지도 않았고 생소해서 그런지 관심을 가지는 기회고 적고 방법도 몰랐습니다.그 희미했던 기억을 더듬어 20대 후반인 지금이걸 보니 그때의 뭔가 웅장하고 신비한 일본 무사의 분위기는 비슷한데 아직도 주제를 정확하게 파악하고 설명하진 못하겠습니다.자연파괴가 주요주제 같긴 한데 전 초반에 대사에서 사슴신을 죽이면?! 불로불사를 얻을 수 있다는 대사를 보고는(정확하진 않지만 대충 이러한^3^) 죽고 싶지 않은 인간의 열망과 그걸 얻기 위해 인간들의 싸움이 주를 이루는 줄 알았습니다. 하지만 그거와는 전혀 상관이 없는 자연파괴와 인간 대 동물의 대립적 구도가 주요논점이었던 것 같습니다. 아직도 재앙신의 존재와 왜 재앙신이 나타나는지, 사슴신이 어떨 때 살리고 어떨 때 죽이는지 뭔가 정리가 안 됩니다.이 작품을 보고 나서 폼포로 너구리 대작전 애니도 곧 보려고 하는데 이것도 시기가 모노노케 히메와 비슷하더군요.21세기 초반 일본애니 산업의 화두가 자연환경 또는 인간 대 동물의 생존권, 생활권에 대한 얘기였던 것 같아 흥미로웠습니다.먼 훗 날 제 자식들과 이 작품을 다시 볼 때 그땐 어떤 생각으로 보게 될지 참 궁금해집니다.저처럼 많이 누리지 못하면서 살지 말고 마음껏 좋은 것들 많이 보며 자라길 바라봅니다. ",10
274,늑대사냥,보지마세요.진심입니다.,1
275,에브리씽 에브리웨어 올 앳 원스,현재 평범하게 살고 있는 삶이…이 또한 연기인듯한…난 그래씀!!!,10
276,살인의 추억,어떠케 저시나 한번 만져 볼가아~ 못 만져서어 그래서 주겼구나 주겨갖고 이러케 만져 볼려고 아닌데 저 아저씨 형사야 사람이 참 착해 가끔 그런일이 있는데 그게 뭐 흠은 아니고 꺄악 꺅 이자식 이거 인상이 더럽네 캬악꺅 아이구 까졌어 에헤 이쁘지 이거 까지지 말라고 하는거야 꺄아꺅~ 거 애를 군화발로 야임마 백광호 내 눈을 똑바로 봐 어딜 보는지 알수가 있어야지 저 나오는 노래가 좋아 노래가아 아빠랑 수사반장 봐야 되는데 아빠한테 말해줘야 되는데 아빠다아~ ,10
277,자백,"원작보다 속도감 있게 나가지는 못하지만, 이 정도면 괜찮은 리메이크. 그리고 원작 본 사람도 새롭게 느낄 수 있는 여지를 열어줬다.",8
278,늑대사냥,아 알바 잡것들 별점 테러했네 잼나기만 하고만,10
279,더 컨트랙터,평점보다 개인적으로 정말 좋았다,9
280,어린 의뢰인,보는 내내 울분을 참지 못하는 영화,10
281,"그 남자, 좋은 간호사",간만에 몰입도 좋은 영화를 봤네요..연기를 잘한다는게 참 좋았던 영화입니다..실화라는것에 더 놀라웠구요..,10
282,헌트,기대보다 재밌었다..근대사를 녹여낸것도 좋았고..이정재 연출 기대됨..,8
283,늑대사냥,잔인하지만 몇몇배우들 땜에 볼만하다 정소민죽을때 속이 다 후련함 이 영화에 왜 나온거야경찰이 자랑이야 씨발년아ㅋㅋㅋ아오 후련해 역시 성동일,7
284,사랑할 때와 이별할 때,꼭 보고 싶어요 서비스 해주세요,10
285,"그 남자, 좋은 간호사","이게 평범한 스토리라니 말도 안되네요.남자 배우의 연기력이 수준급이여서몰입이 잘되고, 보고난 후 여운이 깊어요.",9
286,공조2: 인터내셔날,세르게이:저 새끼 똥마려,10
287,리멤버,많이 잊어버린 지난 근현대사의 역사를 적나라하게 집어 낸다. 그리고 다시 리멤버하게 해주는 영화.,9
288,오! 수정,"묘한 불쾌감, 원초적인욕구, 기억의 왜곡. 홍상수가 바라보는 세상의 본질",7
289,세 얼간이,All is well!~~^^**,10
290,늑대사냥,기왕 막장으로 갈거면 야한 장면도 넣어주지. 이쁜 배우들 많더만. 그게 아쉽네.,1
291,강철비2: 정상회담,"캬 국뽕에 취한다, ㅋㅋㅋ",2
292,블랙 아담,오잉? 이게 맞나? 싶으면 우리의 아담 형님이 자꾸 뭔가를 박살낸다. 12세 관람가라 과격한 연출이 매우 제한되는 것 같아서 상당히 아쉽다. 캐릭터를 적재적소에 활용하지 못하고 중구난방이지만 오로지 &amp;#34;부수는 힘으로 여기까지!&amp;#34; 인데 그 힘 조차 부족하다.,7
293,헤어질 결심,"걍 불륜미화에 살인미화, 경찰공권력 남용과 권위 실추 미화까지. 보는내내 박해일이 정확히 증거잡으려고 좋아하는 연기하면서 붙어있는거라 생각했음 반전언제 나오나 그 기대만 하다가 넘어가길래 2차사건발생하고 이땐 진짜 맘잡겠지 했는데 이때도 증거인멸하고.. 이영화 대체 어떤 내용적인 감동을받아야하는지 ㄷㄷ 바람을 피려면 헤어지고 피든가해야지 ㅋㅋ 왜 양다리걸치고 애틋한거마냥 갬성으로 포장하고 불륜미화하는지 보고나서 4400원이 아까웠음 까메오들도 주연과 전혀 독립적인 관계로 관련도없고 그냥 집중은 집중대로 끌고는 알맹이는 없었던 보는내내 미간이 안펴지고 계속 눈쌀만 찌푸려지던 영화. 박해일이 솔로였거나 부인이랑 사이가 안좋던 설정이면 차라리 그게 나았을듯; 부인은 철판깔고 속으론 딴여자생각하는 남자랑 사는데 뭔죄임?ㄷㄷ 별점 4점,5점 주신분들은 불륜로망이라도 있으신가봄.. 아가씨는 진짜 띵작띵작띵작그자체였는데 이영화는잘모르겠음 다들 이상함을 못느끼나 이생각만; 모든 연기자분들 연기는너무 출중하고 좋았으나 스토리가 좀 진짜 모르겠네요",1
294,돌아이 4 - 둔버기,꼭보고 싶어요 서비스 해주세요,10
295,블랙 아담,액션씬은 볼만한데 서사가 좀...돈아깝단 생각은 잘 안하는데 좀 아까웠음,6
296,늑대사냥,쓰레기 영화 ㄷ 갑분 바이오하자드 타일런트 추적자 시리즈로 바뀜,1
297,20세기 소녀,너무 재밌는데 너무 슬퍼요 오열함,10
298,제보자,노무현 정권때 일을 우파정권 인듯 어거지로 끼워넣는건 왜 한걸까,6
299,걸어도 걸어도,일본여행을 앞두고 봐서 그런지일본은 참 우리나라와 닮은 나라인것 같다.중간중간 울컥울컥 한데 정작 인물들은눈물 한방울 없이 이야기를 끌어간다.참 어려운 일인데 감독이 일을 참 잘한다우리나라 작품이었으면 엄마가 준페이야~부르짖으며  대성통곡하는 장면이 나왔을텐데..닮았지만 또 너무 다른 일본의 정서알쏭달쏭 야샤시이네~,7
300,늑대사냥,40평생 본 영화중 제일 최악이다..,2
301,인생은 아름다워,기대안하고 봤는데 재밌음연기 그냥 미쳤음 ,10
302,블랙 아담,"두근 두근, 쿠키를 보기위한 2시간!닥터 페이트가 멋지네요~매력넘치는 캐릭터, 멋진 배우들, 삽질하는 워너...",6
303,정직한 후보2,생각없이 너무 웃었음연기짱!ㅋㅋ,10
304,늑대사냥,최악입니다.이게 스포이니 절대 보지마세요,1
305,리멤버,런닝타임이 긴 편이라 끝부분이 좀 루즈한게 아쉬웠다,8
306,에브리씽 에브리웨어 올 앳 원스,"옳고 올바른 멀티버스의 세계, 그 속에 수 많은 이스터에그",9
307,장고:분노의 추적자,긴 상영시간이 짧게느껴지고 재밌게 봤으나 결국 흑르노...  크리스토프 왈츠 연기는 감탄하고감,5
308,인터섹션,속이 뻥 뚫리진 않았지만 나름 정의 구현!,6
309,리멤버,이런 영화를 요즘 세대들이 보게 해야함 감독과 출현진에게 박수를..진짜 후회안함 꼭 추천하는 영화,10
310,인터섹션,통쾌함. 전개 빠르고 결말 궁금해서 끝까지 보게됨. 우리꺼처럼 질질 끌지 않고  억지 감동 끌어내지 않고 사이다 결말 맘에 듦. ,10
311,범죄도시2,마동석 궁시렁거리는게 키포인트ㅋ,10
312,에브리씽 에브리웨어 올 앳 원스,너무 교훈을 주려고 해서 싫었음,6
313,야차,흑산도 자연산 해산물로 끓은 짬뽕!!!내입에는 군대에서 먹은 똥국... ,1
314,20세기 소녀,좋은 영화  만들어 주심에 감사드립니다 ,10
315,리멤버,개봉날 봤어요이성민 배우님 연기잘하시는거 알앗지만 대박이네요..초반은 약간 중간 지루하긴햇는데 중반부터 너무어무 슬퍼요ㅠㅠ꼭 보세요..재미를 떠나서 감동도 있고 느끼는게 진짜 많은 영화입니다 ,10
316,혈의 누,지금봐도 재밌는 영화. 요즘 한국영화는 이 감성이 없어서 아쉽,10
317,늑대사냥,"근래 본 영화 중 가장 잔인하다.그런데 그 만큼 몰입감 역시 압도적이다.사람마다 취향이 다르겠지만, 공포물이나 하드코어 종류 그닥 좋아하지 않는데도이 영화는 정말 몰입해서 봤다.시즌2가 나올 듯 한데 기대된다.",9
318,말리와 나,"밑에 김도훈 기자평에 공감한다. 눈물콧물 쏟는 개신파의 절정. 베일리어게인을 극장에서 먼저보고 이 영화는 나중에 OBS에서 방영해줘서 보게 됐는데, 말리는 단생이라서 더 눈물이 터졌다. 완전 최루탄영화. 개를 돌보고 아끼는 입장에서 수의사선생님은 보람있고 좋은직업이라고 선망했었는데, 고통을 줄여주기 위해서라지만 결국은 안락사 약물을 주입하는 역할 또한 수의사의 할일이니 어찌보면 집행관보다 마음이 안좋겠다는 생각이 든다.",10
319,베이비 드라이버,음악때문에 넘 재밌게 봤네요,10
320,공조2: 인터내셔날,공조3기대해봅니다!,10
321,늑대사냥,진짜 마지막엔 결말과 이유 나오겠지 하면서 눈 부릅뜨고 2시간 버텨냈는데 컴백홈 영화 이후로 ㅈ같은 영화 1순위 ㅋㅋ,1
322,그렇게 아버지가 된다,마지막에 사진볼때부터 계속 울었네,10
323,인생은 아름다워,제목보고 지루할 줄 알고 안보려고했는데 와 보길 너무 잘했어요 진짜 관객들 다 울었어요ㅠㅠ 너무 재밌고 감동적인 스토리에 감탄했어요,10
324,마녀(魔女) Part2. The Other One,"재미있게 봤어요, , , ",10
325,블랙 아담,나 마블팬인데 액션은 완전 내취향 타격감 좋아서 이번 액션은 마블을 뛰어넘은듯,8
326,늑대사냥,잔인함 덕분에 와이프 없이 본 개꿀잼영화 ,10
327,20세기 소녀,예뻤던 그때가 다시 생각났어요  보는내내 행복했던 영화 ,10
328,리멤버,원작이 있는 줄 몰랐는데 한국이니깐 가능했던 리메이크작.. 스토리도 좋았고 약간의 반전이라면 반전도 있었던 영화.. 치매 환자가 친일파들에게 복수를 한다는 독특한 소재를 한국의 설정에 맞게 각색해서 잘 어우러졌다고 생각한다. 이성민의 연기와 노인 분장이 독보적이었고 거기에 남주혁과의 케미와 조연들의 연기도 한몫 거들었다. 보면서 뭔가 영화 콜래트럴도 생각이 났던 영화.. 마지막에 사람들 앞에서 친일 행적을 밝히는 장면은 사이다였고 마지막 처단자가 방관자인 주인공이라는 이유가 나왔을 때는 가슴이 먹먹했다. 어린 필주가 얼마나 힘들었을까도 생각이 들었고 살아서 속죄를하고 법의 심판을 받는 게 맞았을까 싶기도 하고 결말만 빼면 괜찮았던 영화였다. 역사를 잊은 민족에겐 미래가 없다는 말이 있듯이 독립운동을 했고 강제징용을 당했던 분들을 잊지 말고 기억 했으면 한다.,8
329,늑대사냥,이야..진짜 최근에 본 똥 영화 중 최고!!! 이딴 것도 작품이라고 대단합니다.... 배가 전복 되고 범죄자들 총 들고 있는데도 총은 안 쓰고 접근 해서 총버려하다 망치에 처맞는 모습에 이야아아! 감탄이 감탄이!!,1
330,베일리 어게인,경찰견 에피소드는 정말이지 걷잡을수 없이 눈물이 주루룩줄줄 ㅠ.ㅠ 내리흐른다,10
331,늑대사냥,이거찍으라 피많이 봣것다 ,2
332,늑대사냥,장르가 산으로가면 어쩌누ㅋㅋㅋ최귀회가 제일 멋짐. 누군지 상상도 못했네ㅎㅎ,6
333,20세기 소녀,결말은 슬프지만 감동적임,10
334,리멤버,2022 .10.26 개봉,7
335,신 에반게리온 극장판,에반게리온을 본적이 없어서 무슨 내용인지 하나도 몰라서 아쉽네요 다른분들이 에반게리온 모르면 안보는게 낫다고 하더라고요,4
336,리멤버,재밌었어요 추천합니다,10
337,게이트,나는 검사가  뭔가  할줄 알았다 이게 무슨 내용도 없고 재미도 없고  감동도 없고  저 유명인 배우들을 데려다가 뭐한거냐?  ,4
338,도그,"장르가 코미디로 되어있는데, 웃기기보단 잔잔하게 진행되는 드라마. 말리와나/베일리어게인같은 보호자와 반려견의 훈훈함은 말미에나 볼수있고, 전반부는 개에 무관심한 사람이 임시보호자로 떠맡겨되면서 그려지는 스토리라 걸핏하면 차에 가둬두고 지볼일 보기에 다른 반려견소재 영화와는 다른 분위기다. 여기에 번역도 문제인데, 트라우마 군인과 PTSD 군견이 동행하면서 정들기 전에는 애정있게 &amp;#34;룰루&amp;#34;라고 개이름을 부르기보다 무미건조하게&amp;#34;도그&amp;#34;라고 부르는데, 자막은 &amp;#34;강아지야&amp;#34;라고 의역되었다. 퍼피도 아니고 도그라고만 부르는 이유가 있는데, 주인공이 처음부터 무슨 애정이라도 있는냥 강아지라고 번역하는건 잘못이다. 처음 임보를 맡게될때 루루가 더이상 군견으로써 역할을 못해서 안락사로 용도폐기처분 당할 예정이라고 해도 주인공이 별로 동정도 하지 않았고 가면서&amp;#34;도그&amp;#34;라고 부른건 감정없이 그냥 &amp;#34;개&amp;#34;라고 부른거다(짜증날땐 Bitch라고도 부름). 그밖에 초반부에 가족끼리 보기엔 살짝 민망한 군인들 대화나 여자한테 작업거는 장면도 있다. 그래도 개가 나오는 영화는 항상 찡~하게 만드는 감동이 있어서 별점을 후하게 주게된다. 나도 개한테 편지써서 파일에 철綴해봐야겠다",9
339,20세기 소녀,메말라있던 감정이 오랜 시간만에 이영화를 보고 터져버렸네요 배우들 간의 교류에서 하나하나 감명 깊었고 매력적이였습니다 김유정 배우의 연기에 새로이 놀랐고 빠지게 되었습니다 ,10
340,은하철도 999 - 극장판,어린시절 추억을 느낄 수 있었어요,8
341,에브리씽 에브리웨어 올 앳 원스,호불호와 취향은 좋아한다 좋아하지 않는다의 의미입니다.낮은평점은 이해력의 문제이지 호불호의 문제가 아닌걸 인지 하셔야  합니다.,10
342,자백,"아니,,,김윤진배우님 연기 잘하시는건 원래 알고 있었지만 진짜 전혀 예상 못했어요 스포는 할 수 없으니 이야기는 못하지만 ㅠㅠ 와 정말 숨막혔어요 그리고 카리스마 장난아님 최고에요 한국에서 연기 많이 해주세요!!",10
343,블랙 아담,내용이 재미없어요... 시각적인 만족도 떨어짐,5
344,에브리씽 에브리웨어 올 앳 원스,영화가 아주 재밌다거나 세계관이 흥미롭지는 않았는데 그래도 중후반부 내용에 눈물날것같았어요,7
345,블랙 아담,"으음.. 액션이야 화려해야 할 것 같은데,그냥 잘 만든 끝이 뻔한 게임을 하는 듯한 느낌.차라리 치트키 쳐서 빨리 엔딩을 보고 싶은 느낌이 들었다. 너무 예상 가능하고, 너무 쉽고 뻔한 전개에 작위적이고 너무 갑툭튀에 납득도 안되는 스토리라인, 평론가 평은 액션이 서사를 뚜드려 팼다는데, 그냥 영화 시나리오 자체가 어디서 두드려 맞은듯, 투자사 피눈물 흘릴 듯.쿠키영상 말고 볼 거 없음. 결말에는 주문 좀 빨리 외치지 xx꺼 하는 생각이 들었음..,돈과 시간을 버리는 지름길 이었음.",4
346,원더풀 고스트,많은 생각을 하게합니다,10
347,20세기 소녀,"운호랑 보라랑 가슴 아픈 사랑, 그리고 운호의 죽음과 남겨진 영상...엄청나게 감동적인 스토리였다.. ㅜㅜ인상 깊은 내용도 많고, 반전과 심장 쫄깃한 영화였다!이 영화를 보고 엄청나게 울고 감동받았다♡평생 잊지 못할 것 같은 영화이다♡♡배우들의 연기에도 박수와 감탄이.. !!!아무튼 정말 감동적이었다☆",10
348,적벽대전 2부 - 최후의 결전,책이랑 완전 다름.심함,2
349,첫 키스만 50번째,ㅠㅠㅠㅠ 진정한 사랑을 보여주는 영화네요남주의 한결같은 마음이 정말 감동적이에요 ㅜㅜㅜ보고 많이 웃고 울었습니다 ㅜㅜ,10
350,인비저블 게스트,진실과 조작 사이를 둔 팽팽한 두뇌 싸움.,9
351,낮과 달,결말이 과연 가능한 일인지 의문이지만 두 사람의 감정을 배우들의 연기로 커버하다. ,6
352,20세기 소녀,그래서 운호씨 갑자기 왜 어떻게 죽었냐고요,4
353,너를 죽이고,3류영화!이 감독이 대체 뭘 할려는지 중간까지 보다가 빨리감기로 밨음. 영화 만들지마라!그리고 출연배우들도 왜 무명인지 알겠다.시간 졸 아깝다.,2
354,늑대사냥,분명 예고편에선 범죄자 영화인줄 알았는데 보다보니 초능력자 영화였다.,10
355,리멤버,"한필주 일생에 공감+몰입돼서 시간 순삭 진짜 기대 이상였어요.브로맨스 케미도 좋았고,특히 노인 역할 완벽소화 하신 믿보배 이성민 배우님 연기는 최고!눈물 주르륵입니다ㅠ",10
356,자백,원작을 봐서 그런가 원작에 비해 영 아님 일부러 그래서 한두번 더 꼬았으나 깔끔하고 충격적인 마지막 한방을 쏜 원작에 비해 오히려 구구절절했고 늘어졌고 한국식 신파도 별로였다 안좋은 리메이크작,5
357,헌트,자막없이 볼땐 졸았고 자막켜고보니 재밌었다,8
358,컴백홈,굉장히 공들인 영화인게 느껴진다. 킬링타임용 영화론 손색이 없다.,10
359,늑대사냥,잔인한데 재미있긴함. ㅠㅠ,10
360,20세기 소녀,90년대 학창시절두 생각나며너무 재밌게 봤어요김유정 연기 너무잘하고 귀엽네요,8
361,서부 전선 이상 없다,"원작과 유사하게, 이 영화에서도 파울 보이머의 죽음은 다음과 같이 기록될 것이다. &amp;#39;휴전협정 발효로 인한 교전 종료. 서부 전선 이상 없음. 보고할 사항 없음.&amp;#39; ",10
362,20세기 소녀,"스토리와 영상미는 좋은데, 남자배우 연기가 아쉽구요.. 결말은 정말 예상치 못하게 너무 최악으로 .. 한효주 나오면서 부터 막장으로감",8
363,리멤버,이루지 못한것에대한 소망,8
364,서울대작전,어휴 영화 반의반도 안봤는데 홍어찌린내 ㅡㅡ 감독 뭐하는새낀가 봤더니 화려한휴가 각본 쓴 놈이네ㅋ적당히해라 응? 니들이 그렇게 거품물고 발악하는 고인모독 아니야 이거? 김대중 부관참시 대작전 영화 만들어버릴까 보다 ㅡㅡ,1
365,인터스텔라,영상미 말곤 볼게 없는 영화 영화관에서나 중간중간 지루한 거 참고 볼만한 영상미와 사운드가 있었지 ott로 다시 보니 스토리 전개도 몰입 안되고 개연성도 부족하고 그저 흥미로운 물리학 이론만 나열한 느낌…영화적 스토리 구성이나 연출이 완전 별로.놀란은 그냥 천체물리학 다큐멘터리 감독이 낫지 않을까.. 시종일관 심각하고 쳐지는 연출에음악도 거슬리고 동료가 다 죽어 나가는데 하나의 위기를 극복하면 호탕하게 웃어대고 기계랑 농담따먹기를 하는등 감정선에 몰입하기 쉽지 않고 …그리고 너무 길다 너무 ,2
366,블랙 아담,Dc가 이렇게만 해주면 마블 넘는것도 무리는 아니다.,10
367,스물,액션이 유치하다 메세지가 없다 여자는 번갈아 만나라는것이냐 등등이지만..본인들은 20살 때 얼마나 성숙하고 깊이있고 신중한 결정들만 하셨나요? 가볍지만은 않습니다.재미와 오바가 있지만 웃는다고만 할 수 없습니다.청.춘.설레이는 단어입니다,10
368,연애 빠진 로맨스,40대가 보기엔 너무 귀여운 커플이네요^^,8
369,인생은 아름다워,뮤지컬이라길래 띠용했는데 엄청 재밌게 봤습니다,10
370,무단 침입,레이 리오타 광적 잡착연기를 보려고 했는데 메들린 스토우의 아름다움은 생얼에서 더 돋보였다,8
371,"나는 내일, 어제의 너와 만난다",이것은 수학영화인가. 영화보는 내내 계산만하다가 몰입도를 잃었습니다.,2
372,늑대사냥,피터지는거  실컷봄. 감독이 무슨 이런 개막장 영화를 만든건지 정신 감정이 필요함. 잔인하고 스토리가 실종,2
373,늑대사냥,그냥 돈만 퍼부어 캐스팅/셋트 등등 돈만 뿌렸지 완전 잼 없음,4
374,카사블랑카,a kiss is just kiss,3
375,시,우리사회가  회복해야 할  잃어버린 것에 대하여  깊은  생각을  하게  해준 영화. ,10
376,헌트,출연진은 대박.정우성은 시작부터 끝까지 기냥 화난사람 ㅎ일뿐 아쉬운연기뭔가 어설픈  허구같은 시나리오..이정재는 역시 연기광여러모로 기대보단 별로였던..왜 굳이 그시대 배경을 시나리오로선택했는지..아쉬움..기냥 생각없이 볼만함,6
377,리멤버,시간가는줄 모르고 봤어요. 부모님과 함께 봤는데 두 분 다 재밌게 보셨어요. 이성민 배우야 말할 것도 없고 남주혁 배우가 생각보다 연기를 잘해서 놀랬어요. 둘 캐미가 좋았고 재밌는 대사들이 있어서 지루한 순간이 별로 없었어요.,10
378,20세기 소녀,그럭저럭 잘보다가 한효주 나오고부턴 설거지하면서 봤음 결말 뭐냐 진짜 개짜증,1
379,20세기 소녀,설레네요ㅠㅠㅠ 저는 이런 로코 너무 좋아요,10
380,바톤 핑크,소위 스스로를 예술가로 부르며 그 점에 취해 내뿜는 과도한 자기연민과 지나친 허위의식의 정신을 가진 바톤 핑크라는 인물에 의해 일부 예술가의 태도에 대한 생각이 잘 드러난 영화. 그리고 예술가도 같은 평범한 서민이다. ,10
381,아이언맨 3,재밌고 아이언맨 최고!,10
382,자백,"두 배우가 영화의 몰입력을 이끌어 가야하는 스토리인 만큼 대단한 연기력이 필요했는데, 그 부분에 있어선 한 70프로만 만족되는 느낌이들어 아쉽다. 김윤진배우의 해외활동때문인지 다소 어울리지않는 연기력이 몰입에 방해되어 아쉬웠다. 스토리나 연출에 있어서는 꽤 볼만했다.",8
383,더 배트맨,이게 왜 흥행이 안됐는지 모른다구? 배트맨 영화 시리즈 모두 본 내 입장에서는 배트맨의 다크한 분위기는 잘 표현된건 인정하지만 역대 배트맨 영화중 가장 지루하고 노잼이니까 흥행 안됐죠 알면서 그러시네요,4
384,20세기 소녀,"복고풍의 영상미가 매우 좋고 배우들의 감정선이 섬세하게 드러나 보는 내내 즐거웠다. 그러나 결말의 스토리가 약간 아쉽고, 초반이 엽기적인 그녀라면 후반은 노트북. 처음의 발랄한 느낌과 마지막의 감동적인 느낌 차이가 크다. 전반적으로 몰입하고 웃을 수 있는 요소가 많아 보는 시간이 아깝지 않았다. ",7
385,영웅본색,의리! (명작에 별점이 무신 소용이냐!),10
386,리멤버,보는 내내 긴장되는 재밌는 영화입니다 내용이 참 많은 생각이 들게하네요 ,10
387,리멤버,재미있었습니다! 스토리에 놀랐는데 알고보니 리메이크 였군요!,10
388,자백,나나 보았다는 걸로 만족합니다..,10
389,살인자의 기억법,설경구 연기에서 광기가 느껴진다. 진짜 연쇄 살인마와 아버지 연기를 이렇게 할 수 있는 배우가 또 있을까 싶다.,10
390,리멤버,연기도 좋고 스토리도 좋고 재밌어요,10
391,리멤버,"제목에 충실한 영화라는 것을 영화를 다 보고 난 후에 느꼈다. 일제강점기 시대에 일본의 만행, 친일파를 다루는 소재이지만 일본이 나쁘다 라는 초점보다는 정말 잊지말고 기억하자라는 메세지가 크게 다가왔다. 문뜩 잊고 살아왔던 과거를 리멤버라는 영화를 통해 다시금 생각하고 기억할수 있게 해주어서 너무 좋았다. 영화 속 주인공처럼 복수를 할 순없지만 잊지는 말아야겠다.주인공 역을 맡은 이성민 배우의 연기는 정말 깊은 내공이 느껴졌고, 내적갈등을 하는 표정연기는 정말 배우가 아닌 극중 인물 그 자체라고 느껴질정도로 소름돋았다.",10
392,좋은 사람,오랫만에 집중하며 봤습니다.,10
393,20세기 소녀,처음에는 그저 그런 청춘 로맨스 영화겠구나..했는데 내용도 너무 좋고 배우분들 연기 하나하나가 레전드였고 거의 마지막에 오열함.. 인생 영화 등극함,10
394,블랙 아담,개노잼이었을 영화를 드웨인 존슨이 멱살잡고 끌어올린다,6
395,자백,"무슨내용인지도 모르고 언니랑 갔는데시간가는줄모르고봤네요,,,역시 명배우들 연기정말 최고였습니다! 오랜만에 심장쫄깃했네요ㅋㅋㅋㅋ강추!!!!",10
396,자백,원작 예전에 봤었는데 이번 작품 훨씬 더 몰입감 좋았습니다. 웰메이드예요.,10
397,낙원의 밤,엄태구 전여빈 두분다 매력적이네요 모텔씬 잼있게 봤어요 나도 취향이란게 있거든 ㅎㅎ 시간 가는 줄 모르고 봤어요,10
398,"그 남자, 좋은 간호사",용두사미  별것 아닌 일로 이렇게 기깔나게 만드는 것도 기술,6
399,20세기 소녀,"조금 뻔하다고 생각할 수 있지만 배우들의 연기와 캐릭터들의 감정선 덕에 끝까지 즐길 수 있었다. 여기에 더해서 예쁜 영상미도 한 몫 한 것 같고 나왔던 옛날 노래도 찾아보는 재미도 있다. 20세기 소녀는 재미와 감동, 설레임을 모두 담은 영화이다. 오랜만에 정말 재밌는 영화를 봐서 행복하다.",10
400,리멤버,숭고한 영혼들에게 보내는 헌사,8
401,캐릭터,정말 최곱니다,10
402,늑대사냥,"헐리우드 sf대작을 중국에서 무단으로 리메이크 한 것 마냥 마녀1을 조잡하게 리메이크 한 영화 같다;;;서인국이 뭐 보여주나? 싶었는데 영화 자체가 긴장감 1도 없어서 몰입도 안되고,형사들은 뭐 그리 다 모지리냐...마지막으로 여자 형사는 연기 오래한 걸로 아는데 왜 아이돌들이 연기하는 수준이냐..",1
403,조커,내 인생 최악의 영화끝에 뭐 있나 보다 후회만 가득 ㅠ,2
404,늑대사냥,ㅋㅋㅋㅋ 뭐지? 뭐지? 뭐지?  뭐지? 하다 끝남,10
405,늑대사냥,진짜 영화 더럽게 만들엇네,1
406,자백,재미있는 스토리라인에 흥미진진 즐거웠습니다^^ 원작보다 훌륭했어요~,10
407,리멤버,무거운 주제지만 유쾌하고 흥미로운 스토리 라인이 좋았다. 주연배우 둘의 캐미도 관전 포인트!!친일숙청을 클리어하지 못한 대한민국의 한이 서려있는 영화..,10
408,20세기 소녀,굿 너무재밌다 이런영화 많이나왔음좋겠다,10
409,"그 남자, 좋은 간호사","배우들의 연기하는 훌륭하지만, 남에게 절대로 추천하지 않을 영화. 스릴러라 하기엔 재미가 단 하나도 없으며, 각색이 있어서 다큐라고 주장할 수도 없다. 1시간짜리 각본을 두시간짜리로 늘려놓느라 미치도록 지루하다. 영화의 전부인 마지막 &amp;#39;일침&amp;#39;을 위해 실제 사건을 왜곡하고, 쾌락살인마를 미화하는 꼴은 고발영화로써도 최악.",2
410,늑대사냥,나름 볼만했다고 본다. 전혀 관계없는 스토리로 가는게 웃기긴하지만 잔인해서 못보겠다고 하는 벌레들이 더 역겨운듯.,10
411,그렇게 아버지가 된다,2번째보니 눈물이 쏟아지네요끝까지 이 가족들 어째야하나 이러지도 저러지도,10
412,20세기 소녀,"어설퍼서 거슬리는 사투리 ,  뭔가 맞지 않아 이질감드는99년도 배경,,,익숙한결말",1
413,20세기 소녀,그냥 미친 영화… 너무 재밌음,10
414,인생은 아름다워,두 번 봤는데 이제 무슨 장면인지 대사인지 알면서도 눈물 났어요 감동적이고 즐거웠던 영화!!,10
415,늑대사냥,5점 만점연기력 5연출 2스토리  0.0001드라마면 차라리 재미 있었을듯.고어 물로 가자면 제대로 고어로 갔어야 하는데 그건 어중간하고.중반부터 갑자기 투입되는 판타지적 요소로 재미 반감 주연 이라 쓰여 있지만 주연은 1 도 없고 클리셰를 파괴하고자 하는 목적을 가졌던거 같은데 개연성 1도 없어 납득하기 힘듬.,1
416,리멤버,중간중간 이해가 안되는 연출장면도 있었지만 워낙 좋은 스토리와 연기를 보여줘서 만족하면서 봤음,9
417,블랙 아담,기대 안하구 봐서 그런지 닥터스트렌지보다 낫더라ㅎㅎ이제 마블음 식상하구 디씨쪽이 끌리네,8
418,로그 원: 스타워즈 스토리,스토리를 전부 보면 감동이 올지 모르겠으나. 그냥 그랬다.,6
419,헌트,시대를 배경삼아 암울했던 80년대 다른 목표를 가진 두인물의 이어지는 반전 연기에 마지막 장면까지 몰입할수 있는 영화,10
420,늑대사냥,별하나도 아까운데..  c급 비디오영화만도 못함. 그냥 본 내눈을 탓하는중,1
421,20세기 소녀,개인차이는 있겠지만 아쉽게도 별 하나입니다.,2
422,에브리씽 에브리웨어 올 앳 원스,평범한 관람객입니다.제 기준으로 &amp;#39;사이보그지만 괜찮아&amp;#39; 이후 최악의 영화로 선정되었습니다.다신 보고싶지않고 추천하지 않아요.,1
423,늑대사냥,별점 한개도 아깝다 -5.0  기냥 최악이다 ,1
424,인생은 아름다워,최고! 올해 본 영화중에 최고... 이런 영화를 볼 수 있어서 정말 행복합니다 엄마아빠 같이 보러다녀오시라고 할 겁니다,10
425,"그 남자, 좋은 간호사",와 연기가....조사받을때...눈빛이.... ,10
426,20세기 소녀,오랜만에 마음 따뜻한 영화 잘봤습니다. 어린시절 추억을 떠올리게 하네요. 뭉클하고 여운이 남습니다.,10
427,이유없는 반항,고전 명작! 지금 봐도 전혀 촌스럽지 않고 재밌음:),10
428,범죄도시2,아무 생각없이 보고나니 스트레스 확 풀림,10
429,리멤버,역사교육으로 보게해도 좋을거같았어요이성민씨  정말 연기 잘하시네요몰입됐어요,9
430,여름 이야기,얘도 좋고 쟤도 좋고 걔도 좋고,10
431,20세기 소녀,귀여운 청순물을 보고 싶었는데 막판에 갑자기 예상치 못한 신파로 흘러감. 울어라 울어라 억지로 눈물 짜는데 눈물이 안남….. 아 갑자기 꼭 그래야 했어요? ,1
432,파이트 클럽,그냥 싸우는 영환줄 알았는데 전혀 아니였음.. 저처럼 볼까 말까 하시지 마시고 그냥 꼭 보세요 제발..! 뭐 이런 미친영화가 다있지…??마지막 엔딩 장면도 너무 소름돋고 벅차오름,10
433,자백,스페인원작의 팽팽한 긴장감이 사라졌다,7
434,황야의 무법자,존웨인 나오는 모든 구성에서 지루하고 재미 1도 없는 미국서부극 따위완 달리 이 이탤리언웨스턴 영화는 ( 나도사실은 어렸을땐 이게 미국영화인줄 알았지만 ) 조주연 배우들 다들 별로 말이 없고 그래서 더 멋있고 음악도 환상적이고,10
435,더 시크릿 하우스,역시 스페인 스릴러  무조건10점만점,10
436,늑대사냥,생각보다 재밌어서 끝까지 보게된다.,8
437,디셉션,나사 몇개 빠진 대화들이 폭포수 처럼 쏟아진다. 뒤틀린 관계들을 예술로 승화시키려는 행위가 별루였다.,4
438,헌트,첫 감독이라 감안했음. 담번엔 더 좋은 영화 찍어보시길,6
439,리멤버,재미도 있고 울림도 있었다. 이성민의 연기가 주는 힘이 대단했다.,8
440,자백,그냥 원작내용 그대로 갔어야됐다..  원작과 다른 감독의 각색이 들어가는순간부터 이영화가 졸작으로 변했다..,4
441,리멤버,한국형 리암니슨 이성민의 시원한 복수극,8
442,자백,소지섭 연기가 매섭다. 나나 미모 대단했다.,7
443,콜리니 케이스,계속 울컥하는거 참다가 마지막에 축구공에서 울었네요 ㅠㅠ  열받아서 아재개그라도 남깁니다. (드러운 사람 Dr.Dreher)이 만든 드러법 Dreher-Gesetz,10
444,비상선언,초 호화 출연진으로 B급 영화 완성.기자회견에서 기자들 날카로움도 없고중간에 회항 시키지도 않고 호놀룰루까지 보내는데 미국과 사전 조율도 안해놨다는 것도 놀랍고이정도로 허접한 시나리오는 중딩도 쓰겠다 ㅎ 와.. 국토부장관이 보건복지부 장관 역할까지 하고... 난리다 난리. 총체적 난리 ㅎ 그리고 비행기가 언제까지 하늘에 떠 있는데?연료 떨어지면 민가로 고꾸라지려고?진정 테러네 테러 ㅋ ,1
445,극장판 짱구는 못말려: 수수께끼! 꽃피는 천하떡잎학교,낙서왕국보다는 재밌었네요! 웃음과 감동을 둘 다ㅠㅠ,8
446,겜블,실제 사건을 이용해 선물/옵션 트레이딩의 허점을 최대한 쉽게 풀어보려한 작품. 젊은 이완 맥그리거의 혈기 왕성함을 잘 이용했다.,6
447,리멤버,"원작을 토대로 우리나라 실정에 잘 맞게 각색되어 몰입이 되었고, 나도 방관자로 살아가고 있지 않나 하는 나의 삶을 돌아보는 시간이 되었습니다.",10
448,블랙,정말감동적임 이런영화 찐짜처음임 또보고싶음,10
449,20세기 소녀,여자랑 남자 평점차이 실화냐 ㅋㅋㅋ,6
450,빽 투 더 퓨쳐,아무리 대작이라도 한번 보면 그만인 영화들 많지만 (특히 요즘 영화들이 그렇고 특히나 그 특유의 너무나 과한 cg엔 진짜 질리는 ) 이건 수십번 보아도 재미있는,10
451,넘버 3,92년생 17년도에 첨봤음명작,10
452,리멤버,소재가 참 신선했음...긴장하면서 봤네요 극장에서 봐서 더재밌네요,10
453,성적표의 김민영,"나도 오랜 친구에게 연락해볼까, 혹시 연락이 닿으면 옛날처럼 웃으면서 만날 수 있을까?",10
454,애드 아스트라,"느리다 못해 질질 끄는 듯한 화면 전환, 불분명한 메시지. 악으로 깡으로 봤다. ",4
455,20세기 소녀,딱 그시절 청주사람 ㅠㅠ 혼자 미친듯이 웃다가 울다가 ㅠㅠ 오랜만에 넘 재밌는 영화 봤어요. “그래두 되는겨?”,10
456,"그 남자, 좋은 간호사",다른건 모르겠고 연기는 둘다 인정,10
457,리멤버,두 배우의 연기가 좋았고 스토리 구성도 좋았습니다~ ,10
458,리멤버,이성민 레전드네요 연기갑,10
459,바람과 함께 사라지다,가족 모두 엄청 웃으며 재밌게 봄. ,10
460,"그 남자, 좋은 간호사",에디 레드메인과 제시카 차스테인의 조합..무조건 좋다 평이한 전개라 할 수 있는데 흡입력이 장난이 아닌건 오로지 연기의 힘!,10
461,블랙 아담,액션씬이 많아서 지루할틈 없었는데 뭔가 이해하기도 전에 휙휙넘어가서 좀 아쉬움이남는듯.닥터페이트 너무 머싯음 ㅠㅠ...,10
462,리멤버,진짜 개 존잼. 존잼 존잼존대매맴,10
463,007 노 타임 투 다이,색다른 007 본드의 인간적인 모습과 결말까지.. 허나 등장인물들부터 어울리지 않았고 스토리 또한 중구난방..,3
464,20세기 소녀,그냥 재미 없다. 세기를 뛰어넘는 개연성 없는 신파는 눈물 대신 황당함의 실소를 불러온다.,1
465,오펀: 천사의 탄생,"적당한 공포, 긴장감이라 볼만했어요",9
466,위대한 쇼맨,완벽한 뮤지컬 영화,10
467,인디아나 존스,이영화에 평가가 무슨 의미가 있겠는가 그저 따봉!!!!,10
468,리멤버,너무 스토리 엉성하고스토리 연결 안됨. 갑자기? 생뚱맞은 대사나 분위기... 전혀 공감되지 않는 시놉시스... 정말 돈아깝다..,2
469,반도,부산행을 기대하고 봤는데 너무 크게 실망함. 특히 대사가 너무 오글거렸고 마지막으로 갈수록 스토리도 별로였음.,2
470,늑대사냥,쟤는 살겠지 쟤는 도망가겠지 싶었다..영화 반이나 더 남았는데 애들 다 죽여버려서아주 당황함.살다살다 이런 영화 처음봤다.그래서 살면서 처음으로 감상평 남김....충격받음,1
471,리멤버,잼있어요....3456789,10
472,극장판 짱구는 못말려: 수수께끼! 꽃피는 천하떡잎학교,기대안하고 그냥 보러갔는데 기대보다 좋았네요.청춘이라는 큰 타이틀에서 여러가지를 생각하게되는 그런내용이었던거 같아요.중간중간 울컥하기도 했었구 .. 꿈이나 미래에대해 고민하는사람이면 보고 힐링될거같아요.짱구가 위로해주니까 너무 좋았어요ㅠ ,10
473,20세기 소녀,그 시절에 첫사랑을 해본 사람으로써 설레이기도하고 가슴아프기도하며 아득한 첫사랑의 기억이 떠올랐다...안녕 이루지못한 나의 첫사랑아..,10
474,자백,반전의 반전의 반전보는 내내 어 뭐지..? 뭐지..?하면서 봤어요재밌게 잘 봤습니다,10
475,미혹,미혹 당하지 말아라,2
476,컨저링 3: 악마가 시켰다,후반부로 갈수록 너무 아쉬웠고 별로 안 무서운 편임,4
477,에브리씽 에브리웨어 올 앳 원스,"성냥팔이소녀의 재림, 다세포 소녀는 명작이었다.하...내 시간... 10점 준 사람들은 자기만 이런 영화 본거 억울해서 10점으로 낚시 한거임? 아님 중국인들이 죄다 10점 준건가 중뽕 너무 심한 영화 진짜 다들 도망쳐요 10점에 절대 낚이지 말고 진짜 도망쳐 ",1
478,크루엘라,연기와 영상미가 특히나 좋았고 영화 자체가 너무 매력있음,10
479,리멤버,친일파들이 대가를 치르는 모습을 영화에서라도 볼 수 있어서 즐거웠습니다,10
480,귀못,박하나 귀못미...,2
481,인터스텔라,가족애를 향한 전 우주적인 시공간의 여정에서 눈을 뗄 수 없는 황홀한 광경에 넋이 나갈 정도다. 굉장히 사실적으로 묘사된 행성들과 블랙홀을 보고 있으면 그저 빨려들어가는 느낌,10
482,리멤버,아쉬운 부분들의 배우들의 호연과 주제가 채운다.,7
483,자백,원작을 본 관객들도 어느 정도 즐길 수 있게 각색한 각본.,8
484,블랙 위도우,오프닝이 너무 좋았고 영화 전체적으로 분위기가 어두워서 색다르고 좋았음. 블랙위도우가 솔로 무비로 나온 것만으로도 대만족,9
485,1917,라이언 일병구하기에 이은 대단한작품입니다.라이언일병구하기를 재밌게 봤다면 강추!,10
486,20세기 소녀,미쳤어요 너무 좋아 감사합니다 김유정님 연기 너무 잘해요,10
487,인생은 아름다워,1점도 아까운..ㅡㅡ,1
488,이원적 관능,제목이 돌았네...,4
489,아비정전,얽히고 설킨 관계속에 질서가 있다. 보고 있으면 대단한 영화라고 느낀다. ,9
490,아바타 리마스터링,진짜 눈이 즐거웠음,9
491,언차티드,별 1점도 아까움..10자채우기,1
492,인 디 아일,"차가움 속에서 서서히, 깊숙이 스며드는 따스함. 건조함 속에서 느끼는 오아시스 같은 촉촉함.",9
493,인생은 아름다워,노래도 좋고 영상도 좋고 다 좋은데 초반 내용이 약간 지루했어요,9
494,리멤버,전 진심으로 이게 왜 점수가 높은지 이해가 안가요.. 전 최근 본 영화 중에 최악이었습니다ㅜ,1
495,에브리씽 에브리웨어 올 앳 원스,볼때 힘들어요. 진저리치게 황당하고 힘빠지게 웃긴데 삶의 중요한 문제에 대해 깨닫게 되고 생각이 바뀌어요. IP TV에 뜨면 영구소장할거예요. 인생영화! 강추!,10
496,리멤버,연기 파티.. 잘 만든 영화,10
497,에브리씽 에브리웨어 올 앳 원스,영화를 한 단어로 압축하면 &amp;#39;삶&amp;#39;이다.근 몇 년 안에 본 영화 중에 가장 뇌리에 남는 영화가 되었다. ,10
498,자백,재밌게 잘봤습니다.,7
499,바커스: 고양이를 조심해!,5세 여자아이랑 재미있게 보았어요영상도 예쁘고 웃음포인트도 많아 아이가 재미있게 봤어요,10
500,블랙 아담,잘봤습니다.,6
501,아저씨,오지 마... 술 냄새나...,10
502,리멤버,역사를 잊은 민족에게?미래는?없다...이 말만큼 이 영화를 잘 표현할 방법이 없네요.이성민 배우의 인상적인 연기와 눈빛이 너무 기억 남았습니다.,8
503,비상선언,테러범에 대한 분노를 일본에게 덮어씌우는 전형적인 그런 영화영화 백두산에서 미군과 교전하는것만큼 어이없었고정치적인 내용을 담았다,1
504,리멤버,"재밌고도 슬프게 잘 봤어요~ 끝나고도 여운이 남는~~ 이성민님,남주혁님 연기 너무 잘하세요!! ",10
505,선과 악의 학교,그냥 좀 색다른..? B급? 해리포터 정도.하지만 못 볼 정도는 아님.시간 좀 떼우고 아이들 보여주기 좋은 정도?신선함 악평은 아니고 혹평도 아니지만지루한거 못 참고 러닝타임 긴거 못 참으시면 비추..초반엔 신선해서 재밌지만 갈 수록 조금 지루한 너낌~,8
506,리멤버,알츠하이머라는 소재로 잊혀져가는 민족의 역사를 잘 녹여낸것 같다 스토리 전개상 어쩔수없는 비현실성도 있지만 민족의 아픔만큼은 현실적이였다,10
507,자백," 오로지 연출, 배우들의 연기와 스토리만으로 105분을 순삭. 재관람하면 더 재밌을거 같네요. ",9
508,리멤버,리뷰 이벤트 했나요? 평점 무슨 일.. 이성민배우님 연기가 아깝습니다.,5
509,자백,진실 없는 자백 만으론 고통 없는 구원에 이를 수 없다,8
510,20세기 소녀,배우들 연기 너무 좋고 너무 설레고 따뜻한 영화였어요♥? ,10
511,20세기 소녀,간만에 추억을 떠올리며 학창시절을 회상했다.슬픈 결말이라 아쉬움 만큼 감동도 컷다.,10
512,20세기 소녀,어거지설정...귀여니가 떠오른다..,1
513,리멤버,아?진짜?역시이성민띠?마지막에저눈물쌤터지게하셨네요?찐감동?즐감잘했습니다~^^,10
514,자백,보는 내내 두근두근하고  스토리 전개가 예상을 뛰어넘었어요.재미있었습니다,10
515,모비우스,"큰기대 없이 보면, 나름 재밌는 안티히어로 영화인데 넘 저평가된듯. 빌런과의 서사가 좀 빈약하긴 해도 캐릭터 탄생 자체는 잘 그려낸듯! 후속작도 잘 나오길 ",6
516,블랙 아담,아!!!역시 드웨인!!믿고보는 드웨인 ~♡ 4D 진짜 재밌어요 포디로 꼭 보세요 ,10
517,정직한 후보2,참 어이없네요.보다보다 짜증이 밀려와서 더 못보겠어요,1
518,라이어X라이어,"모리 나나 팬이라면 결코 후회하지 않을, 딱 일본스러운 멜로 영화. 충분히 예상할만한 스토리긴하지만 충분히 볼만함~ ",10
519,낮에는 덥고 밤에는 춥고,삶이 퍽퍽하다고 느껴질때면 새우깡에 소주한잔 하게 만드는 영화. 주인공들의 삶과 이 영화에 공감하는 모든 이들에게 일시적 고난같은 가난을 이겨내고 정신적인 구원을 받게 되기를..,8
520,리멤버,모든분을이 정말 꼭 보셨으면 좋겠습니다 이성민 배우님의 연기에 마지막에 눈물이 흐르더군요 다시금 역사에 대해 관심을 갖게되는 동기가 되었습니다 ,10
521,리멤버,좋아요좋아요좋아요,9
522,선과 악의 학교,중감에좀 지루하긴했는데 가면갈수록 감동잇고 재미있엇음! ,10
523,정직한 후보2,1편보다 유머가 줄고 너무 많이 단순해진 느낌,6
524,리멤버,재미와 감동 두마리 다잡음,10
525,타짜,패 돌리면서 내 맘까지 돌려버리네,8
526,자백,"감독과 카메라가 갖는 시선의 아름다움을 느낄수 있었고, 배우의 연기가 정말 좋았습니다.",10
527,육사오(6/45),유쾌하게 볼수있는 재미있는 영화 ,10
528,너에게 가는 길,스위스 이야기 듣자마자 눈물이 쏟아졌다,10
529,20세기 소녀,미야자키 아오이 주연의다만 널 사랑하고있어티안나게 잘 베꼈네,1
530,정직한 후보2,"고마 그러네요 조금웃다가 끝,  고마 지루하지는 않심다",6
531,범죄도시2,배트남편이 더 재밌네요,10
532,신불료정,와우 이런 수준있는 영화가 이었다니..,9
533,포드 V 페라리,"가슴이 뛰는 영화, 캔의 활약과 담대함의 벅차오름과 비비자식을 갈기고 싶은 분노로",10
534,신불료정,와우 이런 수준있는 영화가 이었다니..,9
535,포드 V 페라리,"가슴이 뛰는 영화, 캔의 활약과 담대함의 벅차오름과 비비자식을 갈기고 싶은 분노로",10
536,리멤버,풀어야 될 숙제이지만결코 풀리지 않는 현실에 대한 이야기다시는 약한 나라가 되지 말자,10
537,"그 남자, 좋은 간호사",연기가 다했음 연기로 두시간 끌고감,10
538,봄,영상 편집이 아름다워 좋네요. 잔잔하게 볼 영화.,8
539,죽어도 자이언츠,자이언츠팬은 장면떠올리며 흥미롭게 볼수있지만  팬아니면 좀지루하게느낄듯한 과거회상형다큐 얼마전꼬꼬모 장면도겹치고 지금까지 나온자이전츠 관련다큐영화들 여러번 겹치는듯한 짜집기에  식상한팬도  있을듯  이런다큐는 이제그만 상영하고  실력으로  구도부산팬들  자존심  살리는게  더급선무다 ,6
540,20세기 소녀,슬픔보다는 행복한 영화였더라면....,8
541,리멤버,배우들의 연기가 돋보였다~ 몰입감도있고 추천 하고 싶은 영화입니다~,10
542,리멤버,큰기대 없이 가족과 함께 보았는데 가족모두 만족해 합니다.연출 연기 스토리 모두 좋았습니다.,10
543,늑대사냥,서인국 연기 와우~~~ 진짜 멋있어요소름돋음~~ ㅠㅅㅠ  서인국 나오고 그 뒷이야기는...  솔직히 너무 섭섭해요 진짜 기대했는데...엄청엄청ㅠㅅㅠ  성동일배우님 멋있어요 ㅠㅅㅠ하지만 영화 뒷부분이 먼가 너무..부족한것 같아요 허무해요.. ,6
544,질투의 화신,낮추기 평점 낮추기,1
545,드라이브 마이 카,영화 내용은 물흐르듯 흐르지만  이해할수 없는 내용이 많다.  하지만  자막을  한순간도  놓칠수없이  집종하게 됨.  ,9
546,이상한 나라의 수학자,감동의 감동 초집중해서 봤네요역쉬 최민식갑자기 수학이 좋아졌네요 나두 수포자였는데한국의  수포자들을 위해  만든거 같어요감독님  대단해요 스토리 ,10
547,선과 악의 학교,넷플은 예쁜게 악이고 못생긴게 선인줄 앎 ㅋㅋ 편견 쩜 ,4
548,"지금, 만나러 갑니다",너무너무 감동적이고 예쁜 영화. 인생영화를 물어보면 고민없이 이 영화를 꼽을 것 같다. ,10
549,자백,몰입감 좋고 재미는 좋았습니다시간이 후딱 지날만큼그러나 이야기 주변을 끼워 맞추는 장치들이너무 억지 스럽고 공감이 가지 않았습니다뭔가 자연스럽지 않은 상황 전개...보는 내내 소지섭 배우의 넓직한 어깨와 등판은 흐뭇했음,6
550,나의 소녀시대,"중학생때 진짜 눈물 흘리면서 봤던 영화어린 나에게 사랑을 해보고 싶은 감정을 주었고, 사랑의 끝맺음까지 사랑스러워야 진정한 사랑이였음을 알게해준 영화",10
551,타짜: 원 아이드 잭,류승범 촬영도중 감독이랑 싸웠나???,5
552,크루엘라,내 스타일을 찾았음완벽해!,10
553,정직한 후보2,1도 애매했는데 2는 별로다..,5
554,20세기 소녀,재밌진  않아요 ..넷플릭스 하도 볼꺼없어서 봤다가 중간에 하차,1
555,헌트,나만죽을수 없다 꼭  봐라 ㅋㅋ,2
556,박수칠 때 떠나라,절대 귀신영화는 아닌데 귀신이 나올거같은 영화임 진짜 소름끼치고 재밌음 ,10
557,블랙 아담,별점이 왤케 낮지 재밌는데..,10
558,자백,들쑥날쑥 없이도  깔끔하게  너무  잘 만들어주셔서  감사합니다,10
559,카터,"한국에서 보기 힘든 스타일리쉬 액션과 롱테이크 기법의 시도는 좋았다.근데 그걸 좀 제대로 보여줬으면 좋겠는데 플롯 디자인이나 액션 디자인, 촬영, 음악 등 칭찬할 구석이 없다.전체적으로 산만하고 구성이 계속 같은 식으로 반복되다 보니 피로감이 장난 아니게 몰려온다.",3
560,리멤버,먹먹하면서 재미지네요.,10
561,늑대소년,동물에게 감정이란 신이 준 선물은 아닐까?,10
562,20세기 소녀,"진짜 21세기의 제가 20세기를 간접체험해봤네요. 너무너무 재밌었고, 우리 운호만 죽이지 마시지요ㅠㅠ 보라랑 운호 너무 애절하고 안타까워서 펑펑 울었네요ㅠㅠㅠㅠ ",10
563,늑대사냥,최악의영화 정말 이세상에서 없어져야할것같은영화정말이런영화있는 세상에 살고있다는것이 개탄스럽고 부끄럽고 수치스럽다..이런영화..대한민국 청소년이볼까 두렵고 먼미래 대한민국아이들이 볼까 두렵고 필릉자체가 없어졌으면좋겠다 대한민국의 한엄마로써 국민으로써.. 대한민국에... 이런영화가 있다는것이..개탄스럽다...슬프다... ,1
564,자백,진짜 ... 재밌어요 ... 진짜로 ..,10
565,자백,반전에 반전에 반전에 반전..예상할 수가 없네요..ㄷㄷ 재밌게 봤습니다,9
566,썬다운,아주 낯선 리듬의 영화. 처음엔 당혹스럽지만 캐릭터와 묘하게 매칭되면서 어떤 정서가 된다. 런던에서 멕시코로. 계속 햇빛을 맞고 계속 샤워를 한고 계속 섹스를 한다. 마치 끊임없이 정화작업을 하는 듯 보인다. 마지막 주인공의 행동이 병에 의한 환각과 정신이상인 듯 설명은 이루어진다. 하지만 이미 이유는 중요하지 않다.  영화는 마치 그 자체가 주인공 스스로에 대한 씻김굿으로 보인다. 그리고 그는 모든 치료와 재산을 뒤로하고 현생의 장소로 돌아간다. 이제까지 이리도 쿨하게 죽음을 받아들이는 영화는 처음이다. 대단한 영화다.,8
567,리멤버,진짜 너무 재밌었어요 아 진짜 처음 이런거 써보는데 너무 재밌어요 진심으로 ;;;,10
568,패시파이어,"확실히 빈디젤이 정극도 가능하다는걸 보여준다. 헐리웃 액션배우들은 코믹정극도 가능한 연기의 폭을 다들 갖고 있는듯. 아놀드, 부르스, 빈디젤, 더락 등",10
569,라라랜드,꿈의 이중성.                                                           잘때 꾸는 꿈과 미래를 위한 꿈이 둘 중 뭐가 더 이 영화에 잘 어울릴지는 모르겠지만 둘 다 슬프고 행복한.. ,10
570,타짜,개씹명작다 녹아 있음 ,10
571,뷰티 인사이드,틈 날때 마다 감상중 항상 10점,10
572,20세기 소녀,"이제 맘 아픈거 싫을 나이.아. 가슴 먹먹하네. 왜. 그렇게 됐는지 최소한 설명해 줘야하잖아.  사고난겨? 아팠던겨? 뭐여ㅡ,.ㅡ아... 슬픈건 싫어.",8
573,블랙 아담,이것도ㅡ나름재밋는데ㅡ스릴러영화 (자백)이ㅡ워낙 더ㅡ재밋엇음ㅡ,8
574,가타카,PMP로 본지 10년도 더 된 다시 볼 90년대 영화 ,10
575,34번가의 기적,47년작 영화와 이 영화 모두 재밌게 봤어요.! 크리스마스 분위기 스타일 볼거리가 가득했던 영화:),10
576,자백,아무 기대 없이 보러갔다가 숨도 못쉬고 보고옴..,10
577,극장판 5등분의 신부,"아주 좋은 영화였다 스토리 모두 , 근데 아쉽네요 ,,",10
578,자백,몰입해서 봐야할정도로 긴장감있진 않았어요. 영화 도중에 반전은 알아챌만한 수준.  억지스러운 면도 있고요ㅠ그래도 뛰쳐나올수준은 아님 나름 재미있는 요소가 충분. 나나 어색함없이 연기 잘함 ,6
579,20세기 소녀,결말이 조금 아쉽다만 유정이땜시 10점.,10
580,인생은 아름다워,오랜만에 와이프랑 좋은 영화 감동적인 영화 나들이였습니다 배우분들 연기는 물론 좋은 음악들과 웃음 눈물 어깨가 들썩들썩 흥까지 너무 좋았네요 다들 꼭 한번쯤 보시길,10
581,자백,반전×100 재밌음.,9
582,20세기 소녀,슬프고도 아름다운 여운이 남는 영화 ,10
583,20세기 소녀,"요즘도 이런거만드나??평점은 6점정도가 적당한듯,,,",1
584,퍼플 하트,아니 나는 진짜 아무 생각 없이 봤는데 너무 재밌는데 글고 여주 남주 비주얼이 갓벽,10
585,죽어도 자이언츠,"우리의 영원한 10번이 은퇴한, 20세기 마지막 해의 한국 시리즈가 그립고, 30년 전의 영광을 다시 보고 싶었던, 그러나 그러지 못하였던, 프로야구 역사 40년의 해, 2022년의 자이언츠.",8
586,결백,난 왜 내내 신혜선 배우의 연기가 눈에 거슬리는거지...표정연기는  좋은데 발성과 발음등이 좀 불안하게 보였음,6
587,영화의 거리,여주 남주가 부산 울산 출신인데 부산사투리 잘쓴다고 그걸 빨아대냐? 그냥 부산홍보.,5
588,죽어도 자이언츠,초반에 롯데 실점하는거에 웃겨죽는줄 알았는데 마지막장면 이후에 여운이 남습니다..,10
589,리멤버,꼭 보세요!! 연기 와...지립니다,10
590,오펀: 천사의 탄생,깜짝놀랄 반전이... 영화보고 돌아와 넷플릭스로 오펀1을 마저 봄. ,8
591,에브리씽 에브리웨어 올 앳 원스,최근 본 영화중 제일 새로웠고 영화가 끝나도 여운이 남는 영화 긴 시간동한 지루함을 한번도 못 느낌 이 영화 꼭 보세욥 ,10
592,비상선언,아놔 욕나오네. 유명배우 이것들 돈에 노예냐? 시나리오 볼줄도 모르는 인간들 쪽팔리지도 않냐? 이런거에 출연하는거 안 쪽팔린거면 니들 수준도 알만하다. 클레멘타인 이후로 이런 억지감동- 돌아와~~~ 미치겟다. 진짜 한국영화 이수준은 또 뭔지 모르겟네. 조온나 쪽팔리는 영화,1
593,수프와 이데올로기,분단의 비극을 통째로 맞은 가족의 스토리...이번에는 어머니와 4.3을 조명했으나 전작에 비해 심심한 느낌,7
594,늑대사냥,평점낮은 이유를 모르겠습니다.마녀1 만큼재밌고 스토리도 재밌어요,10
595,블랙 아담,새로운 DC유니버스가 기대되는 재미있는 가족오락영화였습니다.,9
596,자백,많은 기대는 안했지만 좋았습니다,6
597,에브리씽 에브리웨어 올 앳 원스,이건  미쳤다 미친영화다 모든순간 모든게 될 수 있지만 지금 내 옆에 있는 작은 순간이 가장 소중하다는 역설적인 진리.,10
598,늑대사냥,감독 믿고 걸렀어야는데 ㅠㅠ 또 당했다,1
599,태극권,세상에 변하지 않는 것은 없으며 모든 것은 자연의 섭리를 따른다...나한테 이연걸 최고의 영화를 고르라면 “이연걸의 정무문” 그리고 “이연걸의 태극권” 이 두 편이다!!,10
600,리멤버,위조 신분증이 뜬금없이 등장하는 것외에도 후반부가 좀 아쉽긴 했지만 그래도 볼만했어용~~~,8
601,스타게이저: 아스트로스코프,생각보다 진지하게 몰입할 수 있었고 시간가는줄 몰랐어요,10
602,블랙 아담,처음엔 그냥 아무생각 없이 보다가 후반에 진짜 입떡벌리고 본듯 진짜 개재밌었음,9
603,리멤버,기대한 내가 잘못이지 에휴ㅋㅋㅋ,1
604,늑대사냥,시원 시원 하긴 한데 그게 끝. 형사라는 놈들은 동네 주취자도 제압 못할 거 같은 무능의 극치 ㅋㅋㅋㅋ 슬래셔 무비 만들려고 한 건 알겠는데 최소한 상식적인 반응은 해야 되는데 그냥 내 차례다 싶으면 목 길게 빼고 얌전히 죽어줘서 별로 통쾌하진 않음 ㅋㅋㅋ 쿠폰으로 봤으니까 이 정도지 내 돈 내고 봤으면 감독 찾아가서 헤딩 했을 거 같음 ㅋㅋ,1
605,놉,재미없는 영화를 뭔가 깊은 의미가 있고 난해한 영화로 포장하지마라,1
606,20세기 소녀,연기잘하고예쁜유정배우와그친구들재밌게봤어요 슬픈결말에놀랐지만요,10
607,늑대사냥,아.. 진짜...코로나 끝나고 기대하고 봤는데...ㅅㅂ 감독 누구냐 ,1
608,자백,꽤 잘된 리메이크.. 원작을 이미 본 사람도 충분히 재밌게 볼 수 있다.나나는 연기를 꽤 잘함..,7
609,외계+인 1부,가족이 함께봤는데 너무재밌어서 친정아버지도 보셨다.. 별로라는 평은 안타깝네~ 난 재미나더라~~,10
610,김제동의 톡투유 - 걱정 말아요 그대,내 평점과 박평식의 평점은 동일한 평점이다~!,1
611,리멤버,메시지에 공감은 둘째치더라도 영화에 메시지가 녹아들지 못하고 너무 튀어서 교조적으로 느껴질 수도 있겠다는 생각이 듦. 뇌종양 치매노인분의 능력이 최소 로건 느낌을 내는건 너무 한다는 생각이...,6
612,리멤버,친일파 척살은 잘한건데  그소리듣던 장군아들의  필주 켐코더 부신것은 예의없는짓혼나야할  분,10
613,에브리씽 에브리웨어 올 앳 원스,"못난 가족, 유치한 농담, 그럼에도 불구하고 잘 만든 영화",7
614,블랙 아담,오 시원시원한 액션이 좋았네 스트레스가 확 풀린다 그리고 쿠키…드디어 오냐?,10
615,리멤버,차라리 장르적 재미로 무장하던가 복수 계획은 치밀하지 못하고 그러니 당연히 극적 긴장감은 생기지 않는다. 남주혁의 존재 자체에 의문이 든다. 아무리 옳고  좋은 얘기라도 설교가 되면 지루해진다.,5
616,리멤버,재밌게 봤어요. 나름 일제시대에 대해 생각할 여지를 주네요,10
617,늑대사냥,놀랍네요……. 이걸 본 내눈……,2
618,리멤버,남주혁 이성민님의 연기호흡이  좋았고요2시간동안 집중하면서 보았네요고등학생 조카에게도 한번보면 좋을것같다고얘기했습니다~좋은영화 만들어주셔서 감사합니다 ,10
619,늑대사냥,나는 성동일과 박호산이 출연하는 모든 영화들은 그저 3류 저질 영상물이라 확신한다. 이 영상물 역시 그러했다. 나는 김영옥 + 나문희 + 성동일 + 박호산 이런 류의 배우들은 그냥 드라마 밖으로 나오지 않았으면 하는 간절한 바램이 있다.,1
620,클로버필드,이걸 2022년에 보다니  개인적으론  명작입니다  외계인 나오는거 좋아하는데   촬영기법이나  몰입감 최고! 다만 주인공들 선택이 좀 아쉽네요 ,10
621,늑대사냥,세계에 내놓기는 좀....,6
622,자백,출연 배우도 모르고 내용도 잘 모르고 그냥 본건데 몰입도 개쩌네요… ‘헐’ 이라든가 ‘와’ 라든가 ‘홀리…’ 라든가 계속 입틀막 했네요 연기가 너무 좋았어요… 심장이 계속 쫄깃했습니다 잘 봤습니다,10
623,외계+인 1부,우선 그래픽이 조잡할까도 걱정했지만 그렇게 조잡하지 않고 상당히 볼만했고 그리고 감독님이 전에 전우치 했어서 그러신지 고려시대 배경도 꽤 괜찮았고 또 이안 아역 역할하신 배우분이 상당히 연기 잘하시더라고요. 저한테는 새로운 발견이었습니다. 다만 아쉬운건 고려시대와 현재를 연결하는 부분에서 그리 깔끔하지는 않아서 많은 분들이 아쉬워하거나 안좋게 보신게 아닌가 싶네요. 그래도 꽤 볼만합니다. 추천해요.  ,7
624,블랙 아담,기원전 가장 번성하고 위대한 고대 국가였지만 현재는 국제 군사 조직 인터갱의 독재 국가로 전락한 칸다크. 인터갱의 눈을 피해 고대 유물을 찾던 &amp;#39;아드리아나&amp;#39;는 우연히 5000년 동안 잠들어 있던 &amp;#39;블랙 아담&amp;#39;을 깨우게 된다.,7
625,늑대사냥,태어나서 본 영화 중에 제일 최악입니다.,1
626,정직한 후보2,나름볼만. 라미란 땜에 겨우 살아난 영화.,7
627,20세기 소녀,ㅠㅠㅠㅠ운호  오ㅐ 이유도 안알려주고 이렇게 끝내시나요 ㅠㅠㅠ운호돌려내,8
628,자백,라디오에서 개봉한다고 배우님들이 나오시는거 듣고 보러왔는데 재미나네요ㅎㅎㅎ다른영화랑 뒷부분이 약간다르네요ㅎㅎ재미나요,10
629,20세기 소녀,잘봤습니다.풍운호…ㅜ,10
630,리멤버,이성민씨 연기가 너무 좋아서 끝까지 잘봤어요 ~~~ 대본은 그냥 그랬어요 ~~~ ,10
631,양들의 침묵,31년 전 영화인 것은 감안하고 봐야겠죠? 아쉬운 점들도 있지만 안소니 홉킨스 연기는 그냥 미쳤네요,7
632,에브리씽 에브리웨어 올 앳 원스,친절함과 순수함으로 세상과 싸우는게 내 방식이라는 말이 좋았어요,7
633,리멤버,따뜻한 인정이 느껴지는 할아버지가 살인자의 모습은 너무 다른 사람같아 흥미있게 봤었고  너무 커다란 아픔을 안고 사는 인생이 슬펐네유,10
634,블랙 아담,보고 나오는데 옆커플 여친이 재미없다는데 이런영화는 눈이 즐겁잖아라는 남친말에 헛웃음만 나옴.눈은 아맥 카운트다운이 젤 즐거웠음. 용산아맥으로 봐도 나가고싶음.. 핵노잼,2
635,원더 우먼 1984,혹시 일부러 오글거리게 만든건가요?,2
636,레옹,명작명작명작명작명작,10
637,리멤버,최근 식민사관을 옹호하며 그땐 어쩔 수 없었다는둥 정당화하는 인간들의 망막에 새겨주고 싶은 영화,10
638,탑건: 매버릭,"6번이상봐도 재밌는영화, 내인생 최고의 영화그냥 완벽하다",10
639,자백,우와 오랫만에 심장이 쫄깃했어요연기 연출 다좋음,10
640,킬링시즌,로버트드니로...  아무 영화나 막 나왔었구나,5
641,아이 유스투 비 페이머스,오랜만에 음악영화 잘보고 잘들었어요,10
642,에브리씽 에브리웨어 올 앳 원스,"새롭고 영상, 사운드도 아름답다",9
643,20세기 소녀,"영상미도 연기도 좋았는데 갑작스런 전개, 결말,, 진부한 스토리ㅜ 그래서 풍운호는 왜 그렇게 됐는지 넘 궁금한데 그냥 열린 결말인가요.. 중반부부터 김 새다가 결말에서 노잼ㅜ  속상쓰ㅜ",6
644,자백,재밌었어요 둘째 출산하면 향후 2 3 년간 영화관 못갈거 같아서 갔고 자백을 봤는데 이거 고른 내 자신 칭찬해요 ,10
645,늑대사냥,최근영화중 잴 재미있게 봄장르영화로 최고,10
646,리멤버,이성민님 역시 연기최고십니다!!우리 예쁜주혁님 미모백스푼꼭보세요 꼬옥-!,10
647,20세기 소녀,두근두근두근두근두근,10
648,슈렉 포에버,슈렉을 통해 외모가 전부가 아님을 배울 수 있었다면 그것만으로도 만족할 수 있는 영화..^^,9
649,쓰리 빌보드,앙심과 용서. 이해와 경멸. 감정의 다툼 속에서 나타나는 우정.,10
650,아담스 패밀리,그래도 1편은 볼 만 했습니다.,10
651,선과 악의 학교,"넷플릭스에서 오랜만에 재밌는 영화를 본듯소피가 너무 예쁘고 악역 연기를 너무 잘함 그리고 노래랑 패션, 이펙트가 볼만 한듯ㅋㅋㅋㅋ 애초에 애들 보는 영화인데 늙은이들이 보고나서 유치하다 어쩌고 하는게 ㄹㅇ 웃김복잡한 세상 좀 편하게 삽시다아재들은 평생 되기도 어려운 맨날 똑같은 배우에 똑같은 스토리인 범죄벅벅느와르조폭 영화나 보시면서 감정이입 하든가 ",10
652,애프터 미투,다큐멘터리로 두번째 이야기가 가장 기억에 남아요. 나는 몸과 마음이 건강해졌다.,7
653,에브리씽 에브리웨어 올 앳 원스,올해 가장 재미있게 봤습니다.가장 뻔한 소재를 가장 재미있게 풀어내고 여운까지,10
654,늑대사냥,이건 영화맞니? 스토리가 없다? 와~ 재활용도 안됨,2
655,자백,몰입도가 높아서 시간 가는 줄 모르고 봤어요. 원작도 있다는데 나중에 꼭 봐야겠어요.,10
656,에브리씽 에브리웨어 올 앳 원스,정말 최악입니다 양자경이 나오는 코미디 영화라고 15세 관람가로 대중적인 것처럼 홍보하는데 절대 애들은 보면 안 되고 트리우마 생겨요 / 비급 (아니 실은 씨급 디급) 호러스러운 액션 영화인데 진짜 하나도 안 웃기고 잔인하고 더럽고 시끄럽고 정신사납고 / 남자 감독들이 만든 영화라 그런지 양자경은 도구로만 쓰일 뿐 진짜 여성 주인공 영화 같지 않아요 이렇게 불쾌하고 짜증나게 하는 영화는 정말 오랜만이라 평점까지 납깁니다 최악 최악 최악 우웩 우웩 우웩 ,2
657,리멤버,이성민님 연기 진짜 최고였어요! 그러고 너무 유명하신 분들이 악역으로 나오시는데 소름돋는 연기들이었습니다ㅜㅜ!,8
658,리멤버,현실감 없음 .... 45년도에 15살이라고 해도 92살인데 너무 정정함 그리고 때아닌 반일감정 조장에 억지 감동,3
659,20세기 소녀,참 억지 눈물.같은나이때 배경이지만 저런 순수한 사랑하는  사람없었다. 쌍팔년시대라면 모를까,2
660,자백,처음부터 집중할수있어서 좋았어요 연기도 너무 좋았어요,10
661,공조2: 인터내셔날,연기력 좋은 배우들 덕분에 시간가는줄 모르고 봤네요~ 공조3도 기대해봅니다~~,9
662,인터스텔라,내 인생 최고의영화  열글자,10
663,에브리씽 에브리웨어 올 앳 원스,오글거리는 대사들과 행동들만 제외하면 소재가 너무 좋다. 자기의 인생의 작은 선택도 후에 크게 영향끼칠 것이다.,9
664,자백,소지섭 멋있다! 나나 이쁘다!!,7
665,극장판 헬로카봇: 수상한 마술단의 비밀,카본은 언제나 재미있어요.,9
666,에브리씽 에브리웨어 올 앳 원스,&amp;#39;인사이드아웃&amp;#39;의 실사판 아니 그이상,10
667,외계+인 1부,조금만 힘뺐다면 훨씬 좋았을텐데 평점만큼 졸작은 절대 아님,8
668,늑대사냥,스토리 유치하고 개연성 없고 연기 구리고... 피칠갑 빼면 뭐 하나 봐 줄 곳이 없음... 개인적으로 유치한 스토리 극혐이라 1점...,1
669,육사오(6/45),오랜만에 신나게  웃으면서  봤네요 ,10
670,리멤버,"개억지 신파극넷플릭스,디지니플러스같은곳에서 투자 못받은 영화는 이제 거른다",2
671,늑대사냥,"궁금한게 있는데 총은 폼이야??아니 정말 궁금해서 그래,",4
672,은행털이와 아빠와 나,이젠 추억이 되어버린.,9
673,늑대사냥,진짜.. 일주일 열심히 일하고 금요일이라안보던 영화 티비로 돈주고!!! 봣눈데...진짜 이런 리뷰 안남기는데...안그래도 집에서서먹한 남편이랑 더 서먹해짐...더 이야기 없어지고남편은 지금 폰 유튜브 보고 나는 소주마심...,2
674,리멤버,두 배우의 케미와 카액션에서 눈으로 보는 재미가 있습니다 . 과거를 청산하지 못한 현재의 대한민국의 모습을 보며 영화처럼 된다면 좋겠다고 생각했어요 . 필주의 인생이 가련하네요,10
675,리멤버,시원하면서도 마음 아프네요. ,10
676,자백,이거 2년전에 본 이태리 양화 리메이크네.  그때 재밌게 봤는데 스토리는 훌룡한데 미스캐스팅. 소. 지. 섭. 너무 어색하다 연기가,4
677,콘스탄틴,진심 이게 재밌어?? 참 내...,1
678,에브리씽 에브리웨어 올 앳 원스,"삶이 허무해서 더 이상 살고 싶지 않다면 그냥 가. 수억 개의 모든 우주도 너를 잡아둘 수 없다면 그냥 가. 그래도 마지막으로 하는 말인데, 너의 찰나를 내가 소중히 여긴다면 우리 함께 찰나라도 살아갈 수 있을까?",10
679,리멤버,"친일 반일 너무 진부하다. 친일은 살인피해자가 되어도 통쾌하고, 반일은 법의 심판대로 판단 받아야하고? 너무 한쪽 감성에 치우친 영화",2
680,리멤버,전체적인 면에서 감동을 안겨주었다.이상민배우는 한필주 역할을 너무나 훌륭하게 잘 소화해 주었고~♡남주혁배우는 20대청년 인규역할을 잘 표현해 주었고.감초스럽게 잘살린것  같아요.~♡리벰버 영화추천합니다,10
681,블랙 아담,보면 볼 수록 이해 되지 않는 스토리이다. 이상하다. 어색하고 오그라드는 상황과 거기에 더해지는 진부한 대사에 탄식이 나온다. 효과만 화려하고 재미가 없다. 관람객의 평점은 더 내려가야한다. 차라리 탑건을 다시 보고 싶었다. ,3
682,블랙 아담,역시 DC 영화의 장점은 타격감인거 같아요 너무 재미있게 잘 봤어요ㅎㅎ 평점이 좀 낮은거 같아서 놀랐네요,10
683,리멤버,연기  대박! 영화가 흥행했으면 좋겠어요.,10
684,테이큰,역시 명작은 이유가 있다.,10
685,늑대사냥,피 연출 진짜 조잡하다  갑자기 이야기 진행 뜬끔포 괴물 피 연출 연출이 진짜 삼류도 안된다,1
686,에브리씽 에브리웨어 올 앳 원스,진짜 왜 감동인지도 모르겠고 허접 어이없는 흐토리,2
687,늑대사냥,나 너무 똑딱해 액션물과 하드고어적인거 좋아하는데 진짜 너무 잘보고있었는데 ...ㅠㅠ중간부터 이게머야 진짜 너무해 진짜 너무한다고,4
688,헌트,실화를 바탕으로 한 픽션이지만 아픔은 리얼 실화,8
689,강철비2: 정상회담,말같지도않은 영화. 감독이 편향적인 시각을 가지고 있는듯.,2
690,늑대사냥,감독이 피 연출에 진심이라던데 그냥 피보여주고싶어서 만든영화고작가는 그냥 아무나 집어다 만든거임7광구랑 비빌만한 B급 SF영화고 절대 범죄액션영화아님초반이랑 후반 작가 다른사람이라고 하면 말이 됨초반은 범죄장르로 알고 작가가 글쓰고 뒷부분은 초능력물 작가가 만든거임 100%,1
691,리멤버,다시한번더 생각해볼수 있는 영화두배우의 연기가 너무 좋아요,10
692,늑대사냥,너무 잔인해서 속이 좀 안좋았어요.. 재밌으면서 잔인하면 그래스도 볼만한데 너무 잔인하기만함...,2
693,정직한 후보2,보기힘든 ...   말하기도 싫다,1
694,자백,오랜만에 쫄깃한 추리스릴러였다나나가 연기를 이렇게 잘 할 줄이야!!!,10
695,안녕하세요,우리가 눈을 뜨고 누군가를 만났을때 하는 &amp;#39;안녕하세요&amp;#39;라는 말이 누군가에게는 눈을 뜨고 누군가에게 꼭 하고 싶은 &amp;#39;안녕하세요&amp;#39; 라는걸 알게 해주는 영화다.오늘 하루가 힘들다면 꼭 봐야할 영화다,10
696,늑대사냥,아니 이게 뭔 영화고... 떄릴때마다 피가 분수처럼 나옴ㅋㅋ거기다가 왜케 답답함..총갈겨그냥..제발 총좀 쏴..,1
697,엽문3: 최후의 대결,역겨운 역사 왜곡의 중뽕영화,1
698,그 여자 작사 그 남자 작곡,"처음 시작할때 &amp;#34;아..좀 지루하네.. 다른거 봐야겠다..&amp;#34; 하고 끌려고 하는 순간.. 어..? 내가 어릴때 많이 듣던 노래인데 그 노래가 이 영화 ost 이며, 배우들이 부르는 거였구나? 라며 보는데 진짜 재미있게 봤습니다배우들이 Way Back Into Love  노래를 작사.작곡 하는 과정부터 ~끝까지 장면이 너무 재미있고, 감동적이였습니다..여러분들도 한번씩 보세요~! 후회는 안해요",9
699,블랙 아담,음 재밌슴... 스토리는 뭔가 아쉽지만.. DC가 이정도면 선빵한거라 생각함.. 근데 최소 500만은 나와야.. 슈퍼맨이 나올텐데 ... 뭔가 적게 보는게 아쉽..,10
700,세이프 하우스,다시보고싶은영화입니다,10
701,20세기 소녀,다 잊었던 첫사랑이 생각나서 울었다그 애가 그립다기보단 그때의 감정이 살아나서,10
702,자백,배우들 연기가 너무 좋았고 유튜브로 살짝 내용 스포(?) 당하고 갔는데도 재밌었습니다!!,10
703,리멤버,진부한 스토리 덜떨어진 개연성 훌륭한 남주혁 이성민의 고군분투,2
704,로그 원: 스타워즈 스토리,마지막에 다스베이더 행님 쌌다ㄹㅇ,10
705,"연공: 안녕, 사랑하는 모든 것",우연히 봤는데 재밌네요,9
706,낮에는 덥고 밤에는 춥고,영화인지 다큐인지 구분짓기 어려운 하루살이 아니 살아내기.낮에는 덥고 밤엔 춥지만 어떻하냐 살아내는거지 뭐 그런게 인생 아니겠는가...,7
707,리멤버,두 배우의 조합이 좋았습니다 이성민씨야 워낙 연기력으로 유명하시고감독이 남주혁씨에 대해 말했던 &amp;#39;진짜처럼 보이는 연기&amp;#39; 라는 말에 공감 되더군요. ,10
708,늑대사냥,한국 영화가  시도를 많이 해보네  기존의 영화와는 다름  내용으로 승부본다  이딴  병신 같은  드라마장르도 아니고  나름  신선한 시도라서  볼만했음..정직한 후보 이딴영화완  결을 달리하네,8
709,에브리씽 에브리웨어 올 앳 원스,아아~~~인투 어 베이~~~글~~~~양티버스 최고,10
710,늑대사냥,심형래가 만들어도 이거보단 낫겠다 ,2
711,블랙 아담,진심 너무 재미없다 스토리와 캐릭터들이 너무 안맞아 무슨 인도 영화 같은느낌,2
712,블랙 아담,진심 너무 재미없다 스토리와 캐릭터들이 너무 안맞아 무슨 인도 영화 같은느낌,2
713,블랙 아담,진심 너무 재미없다 스토리와 캐릭터들이 너무 안맞아 무슨 인도 영화 같은느낌,2
714,팅커 테일러 솔저 스파이,"배우들의 연기가 바로 액션이고, 자세히 보고 싶어서 몸을 앞으로 쏠리게 만드는 영화. 오랫만에 영화를 집중하면서 봤습니다.",9
715,인비저블 게스트,소~름이 소름이...노친네들이 어쩜 그러까,10
716,인생은 아름다워,뜬금없이 노래함..뜬근없이 옹성우..(아니..  짐캐리)뚜금없이 롯데 간접광고..,1
717,외계+인 1부,아니 하도 혹평이 많아서 안볼려다가 그래도 최동훈 감독 좋아해서 봣는데 나는 너무 재밋는데 왜 흥행이 안됐을까?? 평점은 왜 이렇게 낮은건지 내가 이상한건가 ..,9
718,자백,추천추천 너무 재밌다 나나 너무 예뻥,10
719,자백,"진짜 연기 미쳤,,꼭 보세요 몰입감 좋고 오랜만에 집중해서 봤어요!",10
720,자백,몰입해서 봤습니다 ㆍ역시나 반전이 있네요~~원작보지 말고 보세요,10
721,문폴,"뇌를 빼놓고 본다면 나름 코믹한 개그물로 볼 만하다. 중간중간 나오는 바퀴벌레소리는 심약자에게는 위험할 수 있으니 조심하자. 감독의 전작을 거의 그대로 다시 사용했다 보면 되는데, 거기에 아마겟돈 프로메테우스 등등의 명작들을 버무려 만든듯 하다. 과학적 고증이야 애초에 영화의 모티브가 유사과학이므로 고려대상이 아니다. sf영화의 클리셰는 모조리 가져온것 같다. 참고로 중국공산당에서 지원한 영화이므로 불법다운로드 혹은 불법스트리밍이 아닌 이상 이 영화를 보는것은 공산당에 일조하는 행위임을 기억하자. ",1
722,늑대사냥,분명 좋은 스토리를 만들수있는 환경임에도 불구하고 나무 아쉽다라는 생각이 든다. 서인국 씬까지만 하더라도 좋왔는데... ,1
723,에브리씽 에브리웨어 올 앳 원스,"이런 위험한 표현 해도 되나싶은데...마약 해 본적은 없는데, 영화 보는 중간에 약한듯한 기분이였어용....",9
724,리멤버,처음엔 치매노인의 이야기인줄 알았는데 알고보니 우리 역사를 잊지말자는뜻의 리멤버였음..가슴아프고 부끄러운 일제시대의 많은 희생한 이들을 잊어서는 안되겠어요.남주혁 평소 연기 그냥 그렇다고 생각했는데 이번엔 자연스럽게 잘하셨구 이성민님 노인 연기 진짜 자연스러우셨어요여주가 없어도 재밌는 요소가 가득하네요.,10
725,클로버필드 10번지,약간 지루한듯 했는데 흥미진진함..ㅋㅋㅋ뭐야!!헐 뭐야?? 계속 이러면서 보게됨..근데 의문점들이 많아서 이런걸 풀어줬어야 하지 않나…,7
726,"나의 끝, 당신의 시작","은행에서 신고하려고 깝치는 바람에 남친 총에 맞아 죽었는데 아무런 죄책감도 안 느끼고, 자기 때문에 남친이 그렇게 됐는데도 얼마 안 돼서 다른 남자랑 X을 치넼ㅋㅋ 그것도 남친 집에서, 남친이랑 뒹굴던 침대에섴ㅋㅋ 그러고선 아침에 일어나 남친 생각하면 질질 짜곸ㅋㅋㅋ 이래서 여자들을  개xx라고 하낰ㅋㅋㅋ",1
727,공수도,여자주인공 매력덩어리네,10
728,인생은 아름다워,인생영화.. 좋은 영화 만들어주셔서 감사합니다,10
729,블랙 아담,블랙이 역시 잘 어울려! 블랙이 역시 고급져!,9
730,자백,원작 보신분은 절대 보지마세요!!!정말로!!! 보면 후회!!!,1
731,비트,시대를 반영해도 이건 좀 아니네... 그 때 안보길 다행이구만,5
732,20세기 소녀,"간만에 본 재밌는 영화 , 옛날 고등학생 시절 추억 , 김유정 변우석 연기 최고",10
733,20세기 소녀,엔딩 진짜 너무 슬펐어요..엔딩이 너무 아쉬운데 아쉬운 만큼 여운도 많이 남고 기억에 많이 남을 인생 영화.. ,10
734,스콜피온 킹,생각했던거보다 꿀잼인데?재미없을거같아서 이제껏안봤는데 이제서야봤는데재밌넹  역시 드웨인아재 나오는건 거즘다 재밌어ㅋ,8
735,발신제한,"이걸 정의라고.. 투자는 개인책임이고 직원은 일개직원일뿐, 감독은 사회생활하는지 몰라 ",2
736,마담 싸이코,보다가 껐다..안무서워서..하품 찍~~끌려고 했지만 뒤로 빨리 감아서 내용만 보려고했으나 역시 그냥 돌리다 껐다..왜 평점이 높을까..,4
737,아메리칸 셰프,감동적이네요기대이상이네요,10
738,발신제한,시작부터 쫄깃하고 무엇보다 극을 이끌어가는 조우진 배우의 힘이 대단함.,10
739,리멤버,개연성 살짝 떨어지는 것 빼면 개인의 복수극으로 보았을 때 볼 만 했었다.,7
740,공조2: 인터내셔날,뭐 그냥그런 한국 영화,5
741,자백,배우들 연기가 미쳤고반전에 반전.. 대충 엄마일거라는 예상은 했지만.. 여튼 재밌게 봤어요!,10
742,메리다와 마법의 숲,작화는 귀여웠지만 등장인물들을 비호감으로 만드는 억지스러운 전개였다,7
743,스타게이저: 아스트로스코프,저도 모르게 눈물이 나오네요ㅠㅠ,10
744,어바웃 어 보이,따뜻한 영화이때부터 니콜라스 홀트 팬됐음,9
745,카터,내 욕 하려고 평점 남깁니다. 감독은 앞으로 액션 하지 마세요. 그냥 애니매이션 감성. 애니 감독하시면 대성 할 듯 싶습니다. 내가 살인범이다 같은 현실성 있고 한정된 액션이 그나마 낫습니다. 한국 사람들은 뜬금 없는 전개 티 나는 CG 극혐 합니다. 쪽팔려 한다고요.,1
746,스마일,오랜만에 본 공포영화인데 예고편에 있는 내용이 스토리이지만 영화를 보고 예고편보면 안무섭다. 영화 속에서 놀래키는 부분 꽤 있고 음향이 좋아서 더 놀라는 것 같다. 신체 잘리는 부분 등이 있어서 청불이니 이런거 못보는 분은 안보시길..,9
747,인생은 아름다워,영화 내내 눈물이 나다가 엔딩크레딧 후 펑펑울어서 옆사람 눈치봄,10
748,멘,남성을 모르는 여성에게 남성을 알려주려고 했는데 이미 다 알고 있는 여자가 아닌이상 거의 알아듣지 못할 수준의 비유로 점철. 노력한것 치고는 결말이 너무 단순,10
749,죽어도 자이언츠,이 영화를 만드신 감독님 감사합니다!영화 감동이예요 롯데팬 모두가 아니 야구를 사랑하시는 분들 꼭 보세요 너무 재미있고 감동입니다♡♡♡,10
750,죽어도 자이언츠,1984 최동원도 극장에서 본 사람으로써이제 이런 추억팔이 너무 뻔하고 지겨운 레파토리 아닌가 싶다그렇다고 영상이 특출나지도 않다.구단 홍보차 유튜브에 틀어야할 영상을 왜 극장에서 돈받고 상영하고 있을까...이런거 극장에서 돈주고 볼 사람들이면 전부 롯데 골수팬일텐데이런 추억팔이로 골수팬들 감성 자극하지말고실력으로 우승해서 부산시민 전체에게 감동을 선사하는 구단이 되길...,6
751,자백,원작 있는 영화인것만 알고 자백을 봤는데..영화 보면서 이 영화를 리메이크 한거 구나 알게되면서 원작을 모르고 보면 더 재미있을 자백,8
752,리멤버,가슴 가슴이 깊어져요. ☆^^*!_%,10
753,자백,진짜 재밌어요 최근에 본 영화중에 제일제일 재밌었던..  스토리도 탄탄하고 소지섭 김윤진 나나 연기가 미쳤음,10
754,오펀: 천사의 탄생,에스더보다 가족이 더 사이코였음. 에스더 엄마는 지 아들새키가 지딸 죽일땐 가만있더니 지아들 죽으니까 눈뒤집히는거 ㄹㅇ 웃기긔 ㅋㅋㅋ 확실히 각성전 얘기라 그런가 에스더가 생각보다 약함. 엄마련 좀더 잔인하게 죽였어야 했는데ㅉ,6
755,육사오(6/45),재밋게 봣어요ㅋ 몰입감도 좋앗고 고경표님연기 넘 귀엽습니다,10
756,행복을 찾아서,감동입니다. 꼭 보세요.,10
757,블랙 아담,오랜만에 히어로물 제대로 나온듯,10
758,자백,스토리재밌고 처음부터끝까지 재밌게봤어요,10
759,블랙 아담,평점 무시하세요솔까 개재밌습니다,10
760,카터,평점은 처음 써보는데.. 살면서 가장 최악의 영화입니다.. 영화라는 말도 아까울정도네요.. 카메라 앵글과 무빙은 왜 그렇게 연출한건지 감독의 생각이 너무너무 궁금합니다..ㅋ 영화감독을 꿈꾸시는 분들이 보면 동기부여 될것같아요ㅋㅋㅋㅋ,1
761,헤어질 결심,뭔가빠진것같은... 남주연기는 참좋은데;;;아쉬웟어요,4
762,복수혈전,이경규 특유의 표정과 관절 빠드득 꺾기가 일품임 ,10
763,아는 여자,다시 보아도 너무 좋네요~이나영 순수함 그 자체~^^ 너무 예쁘다!!!,10
764,20세기 소녀,진짜 3년만에 찾은 내 인생영화..,10
765,늑대사냥,김홍선 감독이 영화 마녀를 보고 마녀를 뛰어 넘는 영화를 선보이고자 한 늑대사냥 ㅎㅎㅎ결론은 마녀 압승이다 볼만한건 없고 OST만 들을만하다,2
766,캐릭터,좋은 소재를 허술하게 전개한 탓에 아쉬움이 많이 남는 영화였다,5
767,늑대사냥,서인국은 딱 절반만 나옴... 기대하고봣는데결말이.... 쫌.... 19세이니 잔인한건 이해하겟는데 팩트가없는기분,6
768,탑건: 매버릭,1을 뛰어넘는 걸작..잠시도 의심하지 않았다,10
769,리멤버,정말 재미있네요 또보고 싶어용,1
770,발신제한,뭔가 쫄깃 하고 무서움 이 영화는 인기 만점,10
771,늑대사냥,초반은 느와르 스릴러 중후반은 터미네이터+능력자배틀물,5
772,리멤버,내 인생 최고의 영화! 정말 속 시원했다!,10
773,레 미제라블,장발장의 삶을 쭉 따라 가다가 코제트와의 만남이 뭉클하다. 용서를 받은 사람은 타인을 용서할 줄 아는 사람으로 거듭나게 되고 받은 사랑과 은혜 또한 돌려 준다. 여러 모로 귀감이 되고 감동을 주는 영화.,8
774,스승의 은혜,초딩때인데도 생각난다 감천초 이양갱 선생 반장 부반장애들한테 돈받아처먹고 돈안주면존나구박하고 ㅋㅋ우리이모가 돈챙겨주니까 다음날 준비물스케치북이었는데 준비물깜빡하고 안챙겨갔는데 지아들스케치북주더라 돈주기전엔 구박하더니 ㅋㅋㅋㅋ 진짜개쓰레기담임이었다 방학끝나니까 또구박해서또챙겨줌 ㅋㅋㅋㅋ ,10
775,20세기 소녀,운호에 입덕 눈물 펑펑...,10
776,자백,연출 방식이 독특하고 인상 깊었음.연기가 흡입력있아서 몰입감이 좋았음.Ps_제작비가 진짜 적게 들었을 것 같은..제작사 입장에서 가성비 갑인 영화 ㅋㅋㅋ,8
777,선과 악의 학교,정말 재미있었게 잘봤어요.,10
778,늑대사냥,개노잼 마녀2 짭같음 ㅋㅋㅋ,1
779,20세기 소녀,가볍게 보기 좋은 영화 ^^,10
780,메멘토,가이 피어스 진짜 최고영화다,10
781,육사오(6/45),개연성 쥐뿔도 없지만 뇌 빼고 보기 좋습니다. 킬링 타임용으로 괜찮...!!배우들 연기가 진짜 다 살렸습니다...,8
782,20세기 소녀,김유정 넘예쁘고 연기잘함,10
783,리멤버,배우들 연기나 소재는 매우 좋으나 뒤로 갈수록 흡입력이 떨어지고 마지막  10분정도는 급하게 마무리되는 느낌이 남,8
784,국제수사,한국경찰 디스전인가?,1
785,싱글라이더,"열심히 한다고 잘되는 거 아니고,열심히 산다고 잘사는 거 아니고.",10
786,외계+인 1부,"내용 중간중간 연결성은 아쉬운 부분이 나오지만 여러가지 장르를 묶어서 시도한 것치고 괜찮게 나온 것 같아요. 영상미도 있고, 부담없이 보기에 재밌습니다~ ",8
787,헤어질 결심,와..끝나고 난 후 오는 진한 여운.. 탕웨이는 화장기 없는 수수함이 너무 이쁘다..마침내. 라는 대사와 운전하면서 키는 깜박이 소리 너무 귓가에 맴돔,9
788,언니,시간만 버렸네 괜히 봄;;,1
789,정직한 후보2,너무 기대를 해서 그런가....?? 아쉬움이 많이 남는 영화이긴 함....;;,5
790,에브리씽 에브리웨어 올 앳 원스,친절함은 어떻게든 돌아온다,7
791,20세기 소녀,저런 순수함이 있을때로 돌아가고 싶다.. ,10
792,오펀: 천사의 탄생,전작보다는 확실히 덜하다 마지막은 어이없음,6
793,20세기 소녀,중간까진 잘 봤는데 뻔한결말 ...,1
794,블랙 아담,간만에 재밌는 히어로물 본 거 같아요,8
795,자백,"배우들의 실감나는 연기 때문에 자연스럽게 스토리에 집중하게 되고 예상하지 못했던 반전의 순간, 동시에 관객들 입에서 와, 대박이라는 말이 자연스럽게 나왔음! ",10
796,슈렉 3,어른들도 즐길 수 있는 그런 애니메이션..^^,9
797,20세기 소녀,힝 슬퍼 나돌아가고싶어..,10
798,리멤버,개연성 ㅈ같아서 보는 내내 스트레스 받네 지금 보는 중인데 나가야겠다,1
799,헌트,"한번으로는 해석이 될 수 없는 영화,비판과 비난 사이,우리의 역사를 고정으로 남기려는 것이 아닌그 시대의 상황과 맞물려 한번 더 생각해 되돌아 보고자 하는 의미를 내포한 것 같다.우리 시대의 선악을 넘은 영웅들을 보여주는 영화,배우들의 연기력은 말할 것도 없지만, 가볍게 즐길 수는 없는 영화",10
800,리멤버,국보급 영화인 이성민. ,10
801,리멤버,나름 독특한 소재의 영화입니다. 추천해요,9
802,발신제한,이딴게 영화? 감독아 지금그냥 초등학교가서 각본 애들한테 쓰라고해도 이것보다 재밌고 참신하게 만들겠다 영화가 최소한의 성의가없을 뿐만아니라 감독이 이거 제작비 삥땅친거아냐? 이딴영화를 후원하는 기업이있다고?? ,1
803,인생은 아름다워,음악도 너무 좋고 결말이 조금 안타깝고 슬프기도 하고 영화를 보고 있는 동안 지루한 틈이 정말로 하나도 없었어요 류승룡과 염정아의 연기와 노래 실력도 너무 좋았습니다 나중에 한 번 더 보고 싶네요 ,10
804,오펀: 천사의 탄생,역시나 공포  최고 아주 좋아요,10
805,리멤버,최고다 반민족행위자와 식민사관을 가진자는 그렇게 죽어야 한다.,10
806,리멤버,다른 말 필요없고 댕 재밌습니다,10
807,대무가,여자친구랑 보러 갔는데 둘다 피곤 했는지 세상모르게 잠들었네요 영화가 중반부 부터 봐도 내용이 이어집니다,10
808,자백,고통없는 구원은 없다. 행복이 불행을 딛고 일어서듯.,10
809,인생은 아름다워,진짜 너무 재밌어요!! 대강추!!아직 세상이 따뜻하다는 걸 느끼게 된 영화에요 그리구 또 주변을 돌아보게 되고 반성하게 되는 영화였습니다 ?(´つω?`?)?? 너무 만족하고 마음이 따뜻해지고 여운이 진하게 남네요 꼭 한 번 보시길 바랍니다 *필수준비물: 휴지 한곽,10
810,늑대사냥,뭔 생각으로 만든지 모르겠음. 욕하는거죽이는걸로 이딴 영화 만들생각이 드는지,2
811,블랙 아담,잼민이는 들어가 있어,7
812,인생은 아름다워,음악도 너무 좋고 지루할 틈이 없어요 한 번 더 보고싶어요 ㅠㅠ,10
813,아메리칸 뷰티,사진은 영원히 남지만 순간은 영원하지 못한다,9
814,블랙 아담,쥬만지 넥스트레벨 이후로 나에게 숙면의 기쁨을 안겨준 작품,1
815,20세기 소녀,20세기의 추억에 젖을 수 있어서 좋았고 남녀 배우 비주얼에 제대로 눈호강 하네요.변우석 배우 입덕 영화임 ㅎ ,10
816,블랙 아담,좀 지루하던디여 ㅠㅠ 나가고싶었는데 참았으요,6
817,리멤버,현쟁시국에 아주 적절한 영화였어요 ,10
818,제8일의 밤,영화를 모르는 사람들이  많구나  재미있게 잘 봤습니다 ,10
819,냉정과 열정 사이,냉정과 열정은 서로 극도로 멀게만 느껴진다. 그렇지만 이 둘은 섞이면 평온과 같다.,7
820,냉정과 열정 사이,냉정과 열정은 서로 극도로 멀게만 느껴진다. 그렇지만 이 둘은 섞이면 평온과 같다.,7
821,냉정과 열정 사이,냉정과 열정은 서로 극도로 멀게만 느껴진다. 그렇지만 이 둘은 섞이면 평온과 같다.,7
822,블랙 아담,왜이게 오래못갔는지 이해하게됨Dc가 왜 마블을 이길수없는지 이영화를 통해서 확실하게 알수있어요.두시간동안보면서 중간중간 나가고싶었던적이 너무많았네요. 참고 끝까지봤는데 dc세계관 아무것도모르는사람은 왜 이러는지 누가 누구인지 아무도몰라요.최악 그자체,6
823,어벤져스,블랙ㅇㄷ 보고 실망해서 어벤져스 보니까 선녀다 10년전 영화인데도,8
824,리멤버,역사를 제대로 알고있다면 친일파들의 쌉소리를 들으면서 화딱지가 날듯 하지만 현실과 다르게 해피엔딩이네요주연과 조연들이 노인(?) 들이라 액션은 그냥 그럭저럭.. 막 엄청난(?) 액션이 들어간 복수 영화를 생각했다면 비추천이고 잔잔한 복수를 생각하면 추천 입니다. ,8
825,유어 아이즈 텔,여주 연기력 개지린다... ,10
826,인생은 아름다워,재밌고 감동적임.  보다가 눈물 찔끔흘림관객수가 적어서 아쉬울 따름....이정도로 끝마칠 영화는 아닌듯  ,8
827,상류사회,01:14:00부터 보세요,10
828,비상선언,출연진이 화려한데 평점이 너무 낮아 반신반의로 봤는데... 아... 역시 평점은 거짓말을 안 하네요...=.=,4
829,자백,저는 원작안보고 스포없이 관람했는데요솔직히 너무 쇼킹했어요진실이 밝혀지는 순간 입틀막!!!꼭 보세요 한순간도 놓칠수없는 영화 ,10
830,20세기 소녀,20세기로 돌아가는 기분이였다,10
831,인생은 아름다워,"첫 시작부터 결말을 예상할 수 있었지만 과정들이 어떻게 풀어나가는지는 반전이었어요웃음도 많이 웃었지만,울기도 많이 울었던 영화나와 가족이 소중해지는 영화였어요",10
832,걸리버 여행기,딱 어린시절 걸리버 여행기를 추억으로나마 떠올리게 하는 정도..,6
833,리멤버,지루했지만 기억에 남는 영화에요특히 주연 조연 할것없이 배우분들 연기력이랑 내용이 정말 좋아서 추천할만 해요,8
834,제8일의 밤,완전 잼있게 봤는데 평점 왜 이렇누,10
835,자백,배우들 연기가 괜찮고 긴장감있는 연출로 볼만하네요.,8
836,늑대사냥,극장에서 봤지만 경찰들이총을안쏴  갑갑합니다먼가 병신들같음....,8
837,자백,개연성없는 설정이 연속되어 별로지만 볼만한 영화,8
838,공조2: 인터내셔날,왠만하면 점수후하게 주는데 타임을 진짜 킬링했어요 코믹요소도 좀 진부하고요 재탕느낌 물씬납니다 두분 비주얼 구경은 잘했음 강철비1.2보다 재미가 없었어요,5
839,극장판 짱구는 못말려: 수수께끼! 꽃피는 천하떡잎학교,"기대하고 보면 안됨. 어른제국보다는 별로이고, 돈이 조금 아까움",6
840,리멤버,"두시간이 넘는 영화를 이렇게 몰입도 있게 본적이 없는 듯 시간순삭 이성민, 남주혁 조합도 연기도 좋고 사이다 진행 ㅋ  코믹한 부분도 있고♡극장에서 봐야 하는 영화",10
841,죽어도 자이언츠,"롯데팬이라면 꼭 봐야할 영화프로야구와 롯데자이언츠의 과거부터 현재, 미래까지 담고 있었고 그리운 얼굴들을 많이 볼 수 있어서 좋았습니다",10
842,인생은 아름다워,기대안하고 봤는데 재밌게 봤음,10
843,블랙 아담,액션이 화려해요 볼만해요 블랙아담,10
844,스파이더맨: 노 웨이 홈 '펀버전',잼썻어여,8
845,20세기 소녀,"초반에는 그저그런 로맨스인줄 알았는데, 중반부터 이 영화만의 느낌이 강해지네요. 스토리는 물론이고 연출, 구성, 촬영, 연기, 음악 전부 인상깊은 영화였습니다 :) ",10
846,"그 남자, 좋은 간호사",그냥 보세요.연기의 신 두  배우의 연기를 보는 것 만으로 그냥 소름이 돋습니다. 폭력적인 내용 하나 없이 숨막히는 건 배우들의 힘인듯 해요.,10
847,자백,소지섭 연기 잘한다. 예전에 권투선수로 나온 오직 그대만 영화도 재밌었는데. 미안하다 사랑한다는 역할=소지섭. 책도 사고 소장용DVD도 사서 모셔놓았다. ,10
848,인생은 아름다워,감동적이에요아주요 ㅎㅎ,10
849,늑대사냥,누가 ott풀리면 볼 작품이라고 했냐!!난 내가 원하던 작품인데~~,10
850,늑대사냥,딱 시간상 반절만 재밌다 반절 넘어가면 그냥 노답이네,5
851,선데이리그,"배우들의 연기, 스토리 좋았습니다. 축구를 좋아한다면 한번은 꼭 보세요 !",9
852,정직한 후보2,가볍게 킬링타임용으로 좋아요...,6
853,테이크오프: 파도위에 서다,근데 컨셉을 너무 싸가지없게 잡은거같은데..ㅋㅋ,6
854,늑대사냥,성동일 연기 쓰레기라 헛웃음만 나옴 카리스마가 전혀 없는데 가오를 잡으니 어색하고 우스움 나머지 삼류 광대들도 별다를바 없음 2000년대 오그라드는 일본영화보는 느낌 그리고 주인공 변신할 때 쿨타임 기다려주는 악당 수준의 억지가 덕지덕지 끝없이 이어져서 보고있으면 화가날정도 도저히 안되겠어서 중간에 보다가 끔 근래들어 이정도 쓰레기가 있나 싶음 돈과 시간 같이 버리고 기분까지 잡치고 싶으면 보는걸 추천,1
855,에브리씽 에브리웨어 올 앳 원스,선을 좀 지키는 덕은 어디?,6
856,리멤버,이성민배우 정말 연기 최고입니다! 가슴 한 편이 먹먹해지는 영화네요 ,10
857,블랙 아담,마블이 너무 바닥을쳐서 인지 DC좋은데요?? 재미납니다 영상미중에서도 색감이 아주좋네요 ,10
858,인생은 아름다워,자연스럽게 웃겼다 울였다…재미있고 감동적으로 봤어요추억 소환되는 하루 였네요,10
859,인생은 아름다워,자연스럽게 웃겼다 울였다…재미있고 감동적으로 봤어요추억 소환되는 하루 였네요,10
860,리멤버,오늘 영화 보고 왔는데 너무나 감동적이고 우리가꼭 봐야 할 영화인 것 같습니다 .너무 잘 보았습니다. 특히 이성민 배우님 연기 정말 정말 최고입니다,10
861,죽어도 자이언츠,골수 롯데팬이라면 웃으면서 볼 수 있는 영화였습니다.하지만 들쑥날쑥한 편집은 갓 입문한 팬들이 보기에는 이해하기 어렵고 지루하게 느껴질 수 있는 부분이었습니다. 그리고 개성고 10번 선수에 대한 시간이 많이 할애되어 전반적인 영화 집중력을 흐리는 요소였던 것 같습니다. 기대를 하지 않고 봐서 그런지 나름 괜찮았습니다 ,7
862,에브리씽 에브리웨어 올 앳 원스,작품이다.. 미디어 아트...,10
863,외계+인 1부,웨이브에서 결제 하려고 망설이던 중 비슷한영화 목록에 성량팔이소녀의 재림이 뜨네요. 식겁했습니다.,2
864,블랙 아담,아쉬운부분이있지만 다음편의 기대를 하게 하네요,8
865,늑대사냥,보다가 도저히 현실성도 없고 어울리지도 않고... 특히  범죄자들이 사람 다 죽인거 확실한데 경찰들이 총들고 위협사격만 하면서 욕만하는거 너무 웃긴다.  너무 수준 떨어진다.  시간이 아무리 많이 남아도 이거 보면 시간 아까움.  ,1
866,리멤버,오랜만에 천만영화 나오겠네요~,10
867,블랙 아담,미이라 느낌 남 액션도 화끈하고 근데 빌런이 좀 약하긴 했음 ㅋ,7
868,인천상륙작전,"묵직한 메세지북한군 치하 남한의 실상을 보여주고우리 조국을 지킨 용사들의 이야기는 좋았다.CG, 연출, 로맨스, 가 가란말이야전투씬 연출로 인해 8점 드립니다.",8
869,인천상륙작전,"묵직한 메세지북한군 치하 남한의 실상을 보여주고우리 조국을 지킨 용사들의 이야기는 좋았다.CG, 연출, 로맨스, 가 가란말이야전투씬 연출로 인해 8점 드립니다.",8
870,20세기 소녀,그시절 사람이라 참 재밌게 심장 간질간질하게 봤는데.. 끝이 참.... 나름 여운이ㅜㅜ,10
871,리멤버,"긴장감이 진짜 엄청나네요. 개인적으로 마지막에 주인공이 자살을 했다면 어땠을까 하는 생각이 드네요. 영화에서는 자살이 도피라고 말했는데, 오히려 법의 심판을 받는게 도피인게 아닌가 하는 생각이 드네요. ",10
872,리멤버,돈주고 봐도 아깝지않은 영화입니다!,10
873,라이터를 켜라,병맛 코미디영화로 초반과 다르게 갈수록 지루해지는 아쉬움이..,5
874,리멤버,남주혁의 또다른 연기 미쳤..0,10
875,늑대사냥,딱 적당히 잔인하고 전개가 빨라 좋았던 영화 연기는 믿고 보는 배우님들이고 이 스토리로 시리즈까지 내줬으면 ..!! 떡밥들이 너무 많아 n회차 관람했더니 디테일들을 확실하게 볼 수 있었습니다 ㅎㅎ ,10
876,클루리스,30년전 영화라 좀 그럴줄 알았는데 전혀 옛날 영화 같지가 않고 지금봐도 톡톡튀고 상큼하고 재밌네 알리시아 너무 이쁘다 ,9
877,프로메어,&amp;#34;그렌라간 2&amp;#34;,8
878,자백,보는내내 호기심 넘쳤던 영화. 재밌게 봣어요,10
879,늑대사냥,신교대간지 일주일도 못버티고 나가서5급받은애가 피지컬키우고 앤션씬 잘찍네참고로5급수준이면 한군데가 아예고자수준이여야함 잔인한데 걍 서인웃 웃겨서봄 ,2
880,20세기 소녀,근데 왜 죽은거임? 클리셰 덩어리,8
881,20세기 소녀,유치할수있는데 오랜만의 이런 몽글한 청춘영화 좋다,10
882,아이 캔 스피크,제가 이제훈 찐팬이라 극장에서 봤는데 정말 재밌게 봤어요 찡한 감동은 덤~~~~ 왕추천합니다 ,10
883,20세기 소녀,넘 재밌게 보고 있는데...마지막 뭐아..ㅠ,10
884,20세기 소녀,연기와 연출과 음악이 그리고 영상미가 뻔할 수 있는 청춘 멜로 영화를 걸작으로 만들었습니다. 뻔하면 좀 어떤가요. 감동을 받았다는 게 중요하죠.,10
885,늑대사냥,"집에서 킬링타임용으로 괜찮음. 근데 효과음이 좀 심각하긴 함; 이정도면 그냥 옥동자가 입으로하는 게... 그리고 전소민, 서인국 역 되게 뭐 엄청난거 있을 것 처럼 해놓고 너무 허무하게 ㅋㅋㅋㅋ 그나저나 장동윤 비 맞는 신에서 살인의 추억에서의 박해일 닮음 ",6
886,리멤버,기대안했는데 재밋었다연기 정말 잘하네요,10
887,늑대사냥,영화비 돌려놔라 이딴걸 스토리라고 ,2
888,에브리씽 에브리웨어 올 앳 원스,나에겐 정말 큰 영화로 남을 것 같다. 절망에 빠진 채로 이 영화를 보는 건 마음을 많이 심란하게 했다. ,10
889,극장판 짱구는 못말려: 격돌! 낙서왕국과 얼추 네 명의 용사들,"어린 아이한테 기대는 한심한 어른들을 통해 우리가 얼마나 내로남불하고 위선자였는지를 뼈아프게 느끼게 해주는 영화. 늘 아이들을 지켜준다고 큰소리치지만 결국 절박한 상황에 어른이 할 수 있는 건 그저 5살짜리 어린 아이에게 기대는 것뿐이었다. 그의 심정을 이해할 생각 없이 이기적인 마음으로 나섰던 어른들의 추악함, 그리고 그 추악함을 뒤로하고 마을을 구하기 위해 낙서라는 희망으로 최전선에서 버텼던 아이들, 이게 과연 현실과 동떨어져 있을까?",10
890,강철비2: 정상회담,코미디 제외하고 만들었다면 1편 만큼 나올 영화 였다. 아쉽네. ,8
891,늑대사냥,보고 놀라서 평점 남기러와따 미친 후속편 각 잡아따 ㄷㄷ,2
892,자백,보는 내내 심장이 쫄깃하네요. 추천합니다.,9
893,죽어도 자이언츠,보고싶은데 하는 영화관이 별로 없어서…,10
894,20세기 소녀,이쁜 유정 연기가 좀 어색하네요.,6
895,비상선언,재미있었어요 수고많으셨습니다^^쪽바리는 그냥 아웃,10
896,카터,와 정말 영화보는데 스킵하면서 본거 처음이에요 의미도 없고 내용도 없고 액션은 지나치고 어벤져스 보다 더 쎔. 그냥 스쳐도 죽고 쏘면 그냥 죽고 상대방은 백번 쏴도 안죽음. 게임보다 더 현실성없고 아역도 겁나 쎔 차라리 만화라면 나을듯.. 왜 만든지 모르겠음..심지어 주원도 안멋있음..,1
897,리멤버,"예민함은 둔해졌고 기억이 가물가물하다. 하지만 뭔가는 해야되겠다. 고마울뿐이다.대신 마음을 풀어줘서. 하지만 현실은 녹록치 않다. 그만하자 하기엔 상처도 깊고, 그들의 세력은 견고하다. 그래서 나서기가 두렵다. 역사에 리부트는 없나, 하지만 더 비극적일줄 어떻게 알겠나? ",10
898,사랑할 땐 누구나 최악이 된다,율리에의 행동과 말이 공감이 됐던 저도 최악의 사람일까요? 로맨스 영화라고 생각했는데 성장  영화였네요. 많은 생각을 해준 영화! 그리고 오슬로 한 번 가보고 싶어졌어요. ,10
899,늑대사냥,성동일 그의 필모를 봐라 역시 기대를 저버리지 않음ㅋ,1
900,듄,웅장한 사운드가 제일 맘에 들었음,9
901,스타 이즈 본,영화 너무너무 좋았어요,10
902,공동경비구역 JSA,오랜만에 또 봤는데 존잼,10
903,서울역,고립된 환경에서 버틴다는 건,7
904,테넷,재밌게 봤음 역시 영화는 큰 화면으로 봐야됨,9
905,20세기 소녀,21세기를 살고 있지만 여전히 그녀는 20세기 소녀,10
906,20세기 소녀,마지막에 한효주가 왜 김유정 영상보며 눈물을 흘리죠??? ㅋㅋㅋ한효주랑 김유정은 외모부터 특징 느낌까지 전혀 미스매치에요….. 김유정에서 누리던 감동이 막판에 확 깨지는.,7
907,에브리씽 에브리웨어 올 앳 원스,다정한 것이 살아남는다. 그리고 깨달은 자가 눈을 뜬다,10
908,에브리씽 에브리웨어 올 앳 원스,와 이런게 가능한 거였어?,10
909,늑대사냥,이게 영화냐 ㅋ.ㅋ.ㅋ.ㅋ.,2
910,자백,저한테는 반전이 조금 뻔했습니다. 그래도 스릴 넘치고 재미있게 볼 수 있는 영화입니다.,9
911,유로파 유로파,유태인 실화드라마는 실패할 확율이 거의 없다 이야기 자체가 구성이 탄탄하기 때문에 그렇다 재밌는 영화다,8
912,블랙 아담,쿠키영상을 보고 DC 팬이 되었습니다 ,10
913,블랙 아담,올해 본 히어로영화중 제일 재미있게 봤다,10
914,자백,영화 보는 내내 긴장을 멈출수가 없었다 ,10
915,사도,유아인 연기 미쳣지.. 난 영화를 두번씩 못 보는데 사도는 이미 10번도 넘게 봤다 사도가 너무 불쌍해서 사도 연기를 하는 유아인마저 짠함..ㅠㅠ,9
916,사도,유아인 연기 미쳣지.. 난 영화를 두번씩 못 보는데 사도는 이미 10번도 넘게 봤다 사도가 너무 불쌍해서 사도 연기를 하는 유아인마저 짠함..ㅠㅠ,9
917,자백,지루할 틈 없이 흘러가는 전개와 반전까지 시간가는 줄 모르고 본 영화네요~간만에 재밋게 봤습니다!,10
918,리멤버,연기력이  좋은배우시간금방 갔어요재밌어서요^^,10
919,라이즈 오브 워리어 퀸: 부디카,이 영화 뭐냐영국 영화 치고는 글쎄....,2
920,육사오(6/45),완전 내취향 너무 재미있다,10
921,리멤버,아이와같이 보기도 좋았고 역사에 대하여 잊지 말라고 경고하는거 같아요,10
922,늑대사냥,경찰들은 총놔두고 쌈박질하네ㅋㅋ,2
923,날아라 허동구,초등아이들 필수로 봐야할 영화라고 생각되네요 많이 많이들 이영화 봤음 좋겠어요,10
924,레지던트 이블: 라쿤시티,이거 같은 시리즈 맞냐?,1
925,파이란,"마지막에 강도인지, 건달인지 목을 조를때 저항을 안하는 모습이 희미하게 보이는 파이란 따라 하늘나라에 가고싶었던게 아닐까 생각이 드네요.재미있게 잘 봤습니다. ",10
926,블랙 아담,볼거리가 풍족해서 지루하지 않았어요스토리는 기대하지 마세요가볍게 보기 좋은 액션 영화입니다마블영화에 몇번이나 뒤통수 맞아서 이것도 기대 안하고 봤는데 결론은 dc 승,9
927,20세기 소녀,언제부터인가 순수한것은 촌스러운 것으로 치부되는 시대.참으로 오랜만에 아무것도 가지지 않아도 순수한 마음 하나면 충분하다는 감동응 느끼게 해준 영화를 마주했네요. 다시 보아도 좋을 것만 같아요. 많은 시간이 지나도 기억에 오래 머무는 사람이 있다면 행복한 삶이 아닐까 싶어요.,10
928,20세기 소녀,설렘가듬 옛날 생각도 나고 재밌었어요,10
929,자백,오랫만에 티켓비가 아깝지않을만큼 재미있었네요~^,10
930,국제시장,내인생 최고의 영화....,10
931,아사코,영화 초반에 할아버지가 재미 없다고 욕하면서 나간기억이 있음,1
932,늑대사냥,이걸 영화라고 만들었나....와...해도해도 너무하네;;;;아니 인국아 뭔 생각으로 이거찍었노..,1
933,블랙 아담,초반 등장 포스가 압권이지만 중후반부터 점점 스토리 완성도가 떨어짐. 액션은 시원시원함,7
934,리멤버,잘 봤습니다. 가슴이 먹먹해지네요.,8
935,20세기 소녀,결말이...남주를 단칼에...,4
936,리멤버,연기와 외모는 수려하나 영화는 전체적으로 그냥 그렇다 재밌지 않음,7
937,자백,예상을 수십번 빗겨가는 반전의 연속,8
938,블랙 아담,기대 안 해서 그런지 진짜 잼났어요.최근 봤던 마블 시리즈들 보다 나았음,9
939,리멤버,"주제가 아무리 좋아도 마냥 영화 자체를 좋게 평가하긴 어려운 수준네요...나이든 분장도 몰입감을 방해하고...윤종빈님 각본이 예전에 비해 점점 성의없어지는 듯해요. 엉성하고 허술하고, 너무 구태의연 하달까... ",2
940,캐릭터,독특한 스토리와 연출 배우들의 연기를 보는 재미일본영화 특유의 오글거림도 없어서 좋았음,8
941,블랙 아담,요새 깊게 생각하는게 너무 피곤한데 뇌빼고 보기 최고의 영화라고 생각한다.,9
942,자백,어딜가든 항상 차 조심하자.,10
943,마티아스와 막심,"우리는 살면서 동성이기에 우정으로 넘겼던 사랑이 많고, 이성이기에 사랑으로 착각한 많은 순간을 살아가는 것 같다",10
944,리멤버,"그 때를 잊으라는 말, 너무나 가슴 아프고 고통스러운 일... 모든 것을 기억하라!",8
945,인생은 아름다워,눈물 쏙 빼고 왔어요 ㅠ 시간 가는줄도 모르고...,10
946,카사블랑카,이 영화는 절대 리메이크하면 안된다.,10
947,애프터 러브,흠~~ 아무리 코미디지만 우리가 받아들이기엔 너무 급진적이고 파격적인 보통 사람들의 사랑.. 그렇더라도 진정한 사랑은 언젠가 제 자리를 찾는다 인가??,7
948,블랙 아담,재미도 감동도 없었다. 그냥 그랬다 마지막 쿠키 영상이 제일 재밌는 희안한 영화,6
949,에브리씽 에브리웨어 올 앳 원스,이런 영화 높은 평점을 줘야 교양있고 수준높고 있어 보일텐데.. 난 쉴려고 보는거지 공부할라고 보는게 아니니까..정신없고 복잡하고 그냥저냥하더구먼,6
950,죽어도 자이언츠,역사 그자체 23년도 엔 무조건 가을야구 가자 롯데야 팬들이 기다린다…,10
951,앰뷸런스,예고편만 못한 본편의외로 액션 장면도 별로 없고 계속 추격전이다그런데 좀 짜임새가 없는?예고편이 더 재밌다,5
952,리멤버,화면과 연기의 완성도는 높지만 이야기의 개연성과 전개가 그리 매끄럽지 않습니다. ,6
953,리멤버,필주와 인규의 케미가 정말 좋고 속도감 있는 전개와 중간중간 코믹요소가 재밌었어요,10
954,인터스텔라,판타지를 소재로한 사랑 이야기.. 완벽하다,10
955,늑대사냥,이러다 다 죽어~~~~결국에 다 죽어~~~~,1
956,사랑할 땐 누구나 최악이 된다,공감 혹은 트라우마를 불러일으킬 수 있는 현실적인 영화,7
957,미씽: 사라진 여자,몰입감 좋아요 스토리도 탄탄하고 마지막엔 여운도 있어요,9
958,블랙 아담,수퍼맨 아이언맨 어벤져스 좀비 사하라 등등등의 종합비빔밥.ㅎㅎ 시간 가는 줄 모르고 잼나게 봤어용~~ ,8
959,늑대사냥,웩~정말 피만 튀는 쓰레기영화. 제작비의 절반은 피가 아닐까?,1
960,진주 귀걸이를 한 소녀,뭔가 맹탕임.,6
961,내 사랑,눈물 쭉쭉 짜내지는 않음. 여자가 대단함.,6
962,자백,반전도 있고 연기력도 다들 좋아서 몰입해서 봤습니다. 오랜만에 재미있는 영화 봤습니다~,10
963,스파이더맨: 노 웨이 홈,여러모로 의미있는 영화인 듯,6
964,매치 포인트,스토리 좋았고 재밌게 보았다,10
965,자백,"텐션 적당하고, 스토리적당하고, 연기 적당하고..적당히 예상되고, 다 적당한 영화.꽤나 재밌게봤습니다.",10
966,스타게이저: 아스트로스코프,진짜 좋아요ㅜㅜ 또 보고 싶어요,10
967,미스 슬로운,지루하고 또지루하다. 로비는 원래 사무적인 어투인가? 사공이 산으로 간 느낌?.배가 산으로 가더라도 마지막 뜬금이 부자연스럽고.나를 미끼로 폭로타이밍을 잡은 끝무렵 10분은 공감하나 그것또한 부자연스러웠다.7점대평점으로 보나 과평가되어 6점으로간다.,6
968,장르만 로맨스,조은지는 천재임에 틀리없다,10
969,리멤버,너무 재밌었어요! 알츠하이머 환자가 복수 한다는소재도 신선했고 액션신도 멋있고 감동도 있고 반전도 있었어요!,10
970,에브리씽 에브리웨어 올 앳 원스,"상상력을 업그레이드 시키는 병맛 코미디,옛날 홍콩영화의 향수 그리고 가족.웃기고 울리는 영화.후회없을 영화아들에게 추천해 준 영화. ",10
971,조커,왜이렇게 평점이 낮음? 너무 현실이라 부정하고싶은건가,10
972,자백,"드뎌 간지중의 최고 소간지가 영화로 성공을 하나요? 원작을 함 봐야겠지만 미스터리 범죄물 좋아하는 저로서는 나쁘지 않은 영화.마지막에서 한 번 더 꼴줄알았는데 좀 서운하네요. 암튼 스토리라인, 구성 나름 탄탄합니다.",8
973,쥬라기 공원,스필버그의 가장 빛나던 시절에 만들어진 전무후무한 스릴러 걸작,10
974,성적표의 김민영,여자들 똥바람 들어간 영화. ,1
975,신비한 동물사전,옛날 생각도 나고 해서 다시봄요 1이 짱임,9
976,인생은 아름다워,기대안하고 봤는데 웃음과 눈물의 콜라보! 배우들 노래도 최고에요,10
977,인생은 아름다워,기대 없이 보았는데 잔잔한 감동과 옛추억을 소환한 영화였습니다.,9
978,리멤버,연기가 좋았음,8
979,20세기 소녀,김유정 우는연기 잘해요 그거말곤... ,4
980,잭 인 더 박스,모가지 다 쳐서 죽이고 싶네 진짜,1
981,리멤버,이영화가 왜 8점이 넘는지 이해가 안가네요~ㅎ,6
982,하나 빼고 완벽한 뉴욕 아파트,여주 외모가…. 예쁘진 않아도 비호감은 아니었으면 보기 편했을텐데…. 어디서 이렇게 희안하게 못 생긴 사람을 데려왔을까… 남주가 불쌍 ,6
983,리멤버,소재때문에 억지로 영화를 좋게 평가할 필요는 없다,2
984,자백,훌륭한 리메이크.엔딩에서 한단계 추가한건 괜찮았다,8
985,리멤버,기대한 만큼    재미있었습니다!시간과 돈이 아깝지가  않았습니다!,10
986,자백,롯데 엔터가 배급사인 영화는 걸러,2
987,20세기 소녀,그때 그시절로 돌아간거 같아 너무 좋앗어여 변우석 배우님 연기 너무 좋앗어요~~~,10
988,자백,"인비저블 게스트 원작 영화관에서 본 기억이 떠오른다. 프랑슨줄 알았는데 스페인 원작이였음.결말은 한국 버전으로 각색했음. 소지섭도 좋았는데 다른 배우가 했어도 잘 살렸을듯. 신성록, 남궁민 배우도 떠올랐음. 소지섭 살인마미소는 안어울렸음. 그왼 얼굴로 그냥 시간 꽉 채움!",9
989,리멤버,민족의 삐뚤어진 역사에 일침을 가하는 멋진영화,10
990,차이나타운,처음에는 현우리 닮은 보검이 나와서 흥미진진하게 봤는데 후반으로 갈수록 개연성이 많이 떨어지는것 같아요.. 그나마 치도 연기하는 경표씨가 웃겨서 별 2개 드립니다~^^,3
991,인생은 아름다워,남여주인공의 연기가 매우 멋지고 코믹한 부분들이 너무 재밋어요.가끔 보려구요,10
992,리멤버,배우들의 연기가 인상적이에요.,10
993,고고다이노 극장판: 얼음공룡의 비밀,"아이들이 너무 좋아해요. 집중도 잘하고, 특히 공룡 좋아하는 아이라면 너무 좋아할거에요. 은근히 어른이 보기에도 잼있어서 가족끼리 잘 보고 왔습니다. 잼있어요.",10
994,자백,"출연진 모두 연기력 최강,,,몰입력 장난 아니예요,,",10
995,어벤져스: 엔드게임,일단 ost가 너무 슬프구요.. 너무 슬퍼요 여러가지로.. 캡틴과 아이언맨이 버키를 두고 그렇게 싸워놓고 흐지부지하게 끝난게 어이가 없어서 2점 깎았습니다 나머지는 완벽.. 역시 최고의 영화 어벤저스!‘,8
996,늑대사냥,올해 최악의 영화.. 굳이 따지자면 7광구보다 못함,1
997,20세기 소녀,"21세기에 재현한 20세기의 학교생활의 이미지와 분위기를 바탕으로 그 안에 한 로맨스를 첨가한 영화라고 볼 수 있겠다. 그 로맨스를 이끌어가는 스토리라인 및 사건의 배치는 나쁘지 않았었으나, 그들을 이끌어가는 주연들의 연기력이 개인적으로 아쉬울 따름이겠다. 사실, 남성은 여성에게, 여성은 남성에게 자신의 이상적인 것을 투영하려 한다고 한다. 이에 따라 &amp;#34; 내 말도 잘 들어주고.. &amp;#34; 하면서 남자 주연이 여자 주연 본인에게 보여준 태도에 기뻐했던 모습은 돌아볼 만 하겠다. 즉, 실제 사건의 흐름을 파악한다는 의미로 잘 들어주었기에 저 말을 한 것이 아니라는걸 알아두는게 남자 사람들에겐 좋겠다. 또한 실제 성별 구분 없이 사람이라면 자기 자신이 갖는 관심사 외엔 남의 이야기엔 관심있어하지 않는다는걸 알아두는게 여자 사람들에게도 좋겠다.",10
998,헤어질 결심,그처럼 엇갈리다 마침내 헤어질 결심,9
999,이층의 악당,김혜수 능청스러운 연기 원래 성격 아닙니까?냉온차이 심한거때문에 웃으며 봤네요.,10
1000,인생은 아름다워,영화를 보니  저의  50년  인생이  머리속을 스쳐지나갑니다. 저의 삶을 다시 한번 생각하게 하는 영화 입니다.,10
1001,인생은 아름다워,영화를 보니  저의  50년  인생이  머리속을 스쳐지나갑니다. 저의 삶을 다시 한번 생각하게 하는 영화 입니다.,10
1002,인생은 아름다워,영화를 보니  저의  50년  인생이  머리속을 스쳐지나갑니다. 저의 삶을 다시 한번 생각하게 하는 영화 입니다.,10
1003,인생은 아름다워,영화를 보니  저의  50년  인생이  머리속을 스쳐지나갑니다. 저의 삶을 다시 한번 생각하게 하는 영화 입니다.,10
1004,늑대사냥,별 한개도 아까움 병신같은 영화감상포인트가없는데 멀 자꾸 선택하래,1
